,Minggu ke,Beras,Bawang Merah,Bawang Putih,Cabai Merah,Cabai Rawit,Daging Sapi,Telur Ayam,Daging Ayam,Minyak Goreng,Gula Pasir,Tahun
0,1,-0.9365942962415699,-0.08915445201357695,-0.32227916752611036,0.7354454707621746,0.5692653526096592,2.499632507073238,-0.5049985391440419,-0.15137354838347605,-0.8956399543272059,-0.9043033728090907,2020.0
1,2,-0.925876458559824,-0.23789113043177212,-0.3211622442873782,0.6602692599738981,0.8901098251546854,2.423404504636141,-0.5125936241104136,-0.19886739810829618,-0.886238179270624,-0.8911545549964163,2020.0
2,3,-0.9386726329743652,-0.26205540014787104,-0.30040497090121804,0.6871707968710198,1.1078269411809887,2.299041902488441,-0.5536905079698353,-0.24600209146042348,-0.8973502272788982,-0.8958638098078383,2020.0
3,4,-0.9342551014998276,-0.2883588380450441,-0.2662744631400626,0.6664318640157793,1.3048710658143352,2.187672441886193,-0.6138882603457454,-0.2737315247962901,-0.8920940221357719,-0.8903731617535656,2020.0
4,5,-0.9266426583248449,-0.3012677919548399,-0.2770615698958916,0.6715375557318347,1.330516353901321,2.173177660635768,-0.6299028537904436,-0.27563767448065934,-0.8825019004526452,-0.8822171213695987,2020.0
5,6,-0.9777672404678158,-0.3406674345460721,0.0706612048046659,0.7677943107433818,1.1923360209112526,2.148847451803681,-0.6675473169351362,-0.3274543637289395,-0.9343938993072282,-0.9318087332777892,2020.0
6,7,-0.9816242525852344,-0.3787624582799965,0.3596667344400742,0.48605349639340584,0.9062206251147722,2.349416676862743,-0.6098084758944404,-0.2627804176496994,-0.935721070277729,-0.9326608581238953,2020.0
7,8,-0.9343831612324468,-0.3114174973264663,0.24098676993363494,0.3419287679131567,0.4340505913119435,2.6214538873342015,-0.47704077556471075,-0.15984116379087376,-0.885382191339475,-0.8703552272389637,2020.0
8,9,-0.9182914007899284,-0.34215051910235905,0.19054473616645162,0.6807670282945355,0.10559880988499795,2.6108551930025268,-0.47021785070989414,-0.14210610492046238,-0.8696582368883329,-0.845341654937535,2020.0
9,10,-0.8876176717188896,-0.27255560988656297,0.2151719818475037,0.31424684369941364,0.057583107626680535,2.731274513710773,-0.43712626967413143,-0.09102918515118436,-0.8457269583184177,-0.784220752135185,2020.0
10,11,-0.8955879959990788,-0.14553515245898987,0.12130733517101931,0.10818393414003526,0.15798555856530808,2.7671868814948053,-0.43088500051730994,-0.09135906102338902,-0.8585732751424571,-0.7327232242299433,2020.0
11,12,-0.9168550051667689,-0.09920745924873069,0.08917375104607941,-0.09322710336635576,0.5303911183679627,2.6995990937027337,-0.4503872463415248,-0.12445785075209147,-0.8836308058202416,-0.7513984924210626,2020.0
12,13,-0.9444084397939954,0.032354241235092486,0.16283468313135674,-0.22533440577006889,0.7092982266216672,2.617421303255124,-0.48343208237365115,-0.2020197186600781,-0.9116860719203241,-0.7550277357251228,2020.0
13,14,-0.9255923534344759,0.17547551704020006,0.1692436762481182,-0.3657106570090151,0.5992406909017673,2.6445964371871646,-0.4864115734030219,-0.19253108131326624,-0.8927931913708871,-0.7255174648465842,2020.0
14,15,-0.9244025505994923,0.25464890393530226,0.13956955043607433,-0.37644463251420046,0.5810483514046427,2.6418288026790733,-0.4870191002892593,-0.21304014124661344,-0.8916397453328081,-0.7245494384727191,2020.0
15,16,-0.8670113493599789,0.38230838643432613,0.08710488859895657,-0.44538662263098694,0.21915219312397052,2.735331782857507,-0.4483651332593707,-0.16375189543603236,-0.8339167868223814,-0.6654654635060102,2020.0
16,17,-0.8267770048585886,0.3416171375234159,0.05803917659977446,-0.4015755115250073,-0.02501574544437257,2.799844292367911,-0.4204365894394152,-0.12031382332769665,-0.7936873944824345,-0.6116945374135864,2020.0
17,18,-0.8084124931872987,0.4182154335296168,0.040791456078258195,-0.4223357826284308,-0.10177262274070478,2.797717038094678,-0.4462338074015517,-0.11825401913596062,-0.7705052814782103,-0.5892099211303962,2020.0
18,19,-0.7733995348593313,0.5248837913621318,-0.016711382620639564,-0.43632566156224617,-0.18829784164521127,2.7900690122765606,-0.46397466443824353,-0.11104327478580694,-0.7335524424792176,-0.5916480012479959,2020.0
19,20,-0.7668943185852966,0.540326639510435,-0.016206557873738304,-0.4524870958347734,-0.257684270192439,2.783962511550766,-0.4910587035742706,-0.0382474765820224,-0.715033333389334,-0.5866773950293266,2020.0
20,21,-0.7830637342893034,0.6316158540010557,-0.1353976973229172,-0.4435406330996173,-0.1693500074418859,2.752606378554201,-0.5073298218079826,-0.0016461726118288562,-0.7305919822872611,-0.6133021836944604,2020.0
21,22,-0.7705318025944715,0.5883342322911522,-0.19753785140170782,-0.3545672063804842,-0.25302397452353875,2.7802174228032177,-0.44450549745377876,-0.007506946069424182,-0.7212108042639551,-0.6196675724070096,2020.0
22,23,-0.7632587908727785,0.7161064629923286,-0.23240476837764767,-0.4424043743352803,-0.30305519343030846,2.735693751514245,-0.4088356640892647,0.04512259191208611,-0.7101733886232654,-0.636790626690115,2020.0
23,24,-0.7589816776336301,0.6655325330967118,-0.2759185642014222,-0.46193107939339223,-0.3711392565020735,2.733498199440093,-0.3809460387655958,0.19006176722335985,-0.705202549091734,-0.6349733341723167,2020.0
24,25,-0.744160232931543,0.4562949879378328,-0.32517278622532864,-0.40287007519307105,-0.34700508229890914,2.8003772472497643,-0.32099896491714414,0.19751806683039316,-0.6895794927475917,-0.6244036677044028,2020.0
25,26,-0.7198880325533409,0.3996102698061807,-0.36167420827230334,-0.42447376959527594,-0.36968435640023356,2.8173933807406253,-0.24344442190405394,0.19583210143163698,-0.6807985096890417,-0.6128724535641937,2020.0
26,27,-0.7199983365515263,0.28335459967985405,-0.3962841468524774,-0.4004714945799278,-0.2600342938746688,2.8360261950678765,-0.25294801310513737,0.22118859111078296,-0.6797353776337342,-0.6310977232610413,2020.0
27,28,-0.7095927108382337,0.1910106340800947,-0.42328680355526316,-0.34928674399792653,-0.18480626227441407,2.8579210774281263,-0.2675312196834891,0.1887486235259403,-0.6691996652283337,-0.6339769294565011,2020.0
28,29,-0.7109284001553231,0.09668678137063817,-0.424857480434079,-0.31522939555224166,-0.04602433504358791,2.8746883997521073,-0.24679292836269234,0.09149728622830268,-0.6694124390166392,-0.649627488786485,2020.0
29,30,-0.6852523512458694,0.03618537068185815,-0.3859772872731536,-0.282544193657448,-0.15673842462016335,2.9024817580261777,-0.21866858412047613,0.05563987104844856,-0.6414797254210409,-0.623646433418333,2020.0
30,31,-0.6819173079498008,-0.03656096045872206,-0.39030012333856534,-0.23914983226462783,-0.1402294847031504,2.9065172201903544,-0.23281893002069326,0.07660391715160812,-0.6356225852910293,-0.6265219133153734,2020.0
31,32,-0.7005788744872924,0.0028605670450483353,-0.4031449146896529,-0.20648093034257986,-0.12066391899112978,2.895934055787115,-0.26401733568048386,0.08185122522081488,-0.6469432423926361,-0.6388166314692033,2020.0
32,33,-0.6788513899869977,-0.0004906177234307379,-0.3848078344108421,-0.2457994794387997,-0.18823366655625978,2.912470345526004,-0.2395849882753437,0.0521690179248018,-0.6101649087066944,-0.6167064783524376,2020.0
33,34,-0.6553610616696497,-0.09774572869037318,-0.3039981837251056,-0.30970477339009816,-0.2444866057901828,2.925116339565705,-0.22655160970020607,0.09301741153937931,-0.5868819856897386,-0.5934038024497301,2020.0
34,35,-0.6409823151763767,-0.1282225245239997,-0.2608103484093348,-0.3044633420226884,-0.26439380310893845,2.9359570122461767,-0.22106657810463975,0.042805995229810885,-0.5725709072748524,-0.5862531888551573,2020.0
35,36,-0.650568308275993,-0.12449086241988597,-0.21940006064935103,-0.32702904833224955,-0.23048910786516483,2.9318462393269082,-0.2582117259046993,0.051303150795514965,-0.5791417982682513,-0.5938184784068283,2020.0
36,37,-0.6722365798525636,-0.12172198454022513,-0.2127107226477341,-0.2375853416987078,-0.22776641312595503,2.928037230156784,-0.29420782980158205,0.036690063100186174,-0.5891029846032568,-0.6093954369869459,2020.0
37,38,-0.66430500470332,-0.08839740204367026,-0.21397861693367906,-0.2502794368628222,-0.20743792865815777,2.9330735468333904,-0.3133970787216027,-0.013833555702727533,-0.5809112291904236,-0.6005332940169874,2020.0
38,39,-0.6798718466503604,-0.10389251726318215,-0.21790890328521742,-0.1844903073822071,-0.19988907216104518,2.924094378184088,-0.34601352091342374,0.02028050084702294,-0.5963253568928345,-0.6159833544828406,2020.0
39,40,-0.7087913766809488,-0.09646662140313401,-0.23319614271047218,0.00903861018257644,-0.16877550286374554,2.9066526963496275,-0.38405876357602076,-0.05472467619632645,-0.6249788095334219,-0.6446994135681341,2020.0
40,41,-0.731890832282621,-0.0050791618089906536,-0.2714893908870165,0.1548325132095538,-0.23937598073984984,2.874314052100743,-0.4287795630364045,-0.03948638696666927,-0.6466919890350358,-0.6663532605537092,2020.0
41,42,-0.7352066239048503,-0.0036691534567927647,-0.27164839699755006,0.1860129761399046,-0.27721764778018193,2.8700642503812546,-0.4033447978574332,-0.04429192387128409,-0.6510126561909448,-0.6696860264621223,2020.0
42,43,-0.7487479580951304,0.00357938368634574,-0.3047730274584845,0.17368220474387724,-0.27029272589276865,2.8651160298163254,-0.3438507025662958,-0.02170617079517921,-0.6633681637419293,-0.6896388696967604,2020.0
43,44,-0.7687068103562128,-0.009510451152017992,-0.31286104824224703,0.26924415157954384,-0.2579299941745569,2.8403454285388903,-0.37517090061753733,0.002787546027315618,-0.6834406965794998,-0.704757225023678,2020.0
44,45,-0.789953306514188,0.008990588763845972,-0.3219816349601541,0.2240402027855097,-0.12471560310873515,2.8342748746625492,-0.3970678707900765,-0.008463667810653535,-0.7043286516204169,-0.7207949314076806,2020.0
45,46,-0.7985698377718706,0.013916052059355003,-0.32390354900147195,0.14613507400097026,-0.07797616819006759,2.8391060033968185,-0.3807577284363665,0.01292440939479289,-0.7017194041996375,-0.7291548512525227,2020.0
46,47,-0.8147710941444573,-0.00928136315542913,-0.32319032416226434,0.16441271875331603,-0.06198624678804455,2.833136103194742,-0.34805111832859237,0.010275794922082252,-0.7053835998126139,-0.7451608704787388,2020.0
47,48,-0.8323053812668314,-0.06506783664966476,-0.33560433813961954,0.17202412793639107,0.1312946423999597,2.811824605143147,-0.3591148541809742,-0.03559690809078352,-0.7246868219226023,-0.7627672352290218,2020.0
48,49,-0.8697832565053517,-0.168470946111334,-0.3988835633816577,0.42202231986917116,0.38822413623572455,2.7066495404761888,-0.40310833633583854,-0.11094903742748732,-0.7641639326508309,-0.8015369241685845,2020.0
49,50,-0.9040965206057562,-0.2086990027719206,-0.4295993610746413,0.6047246992814191,0.5134139013548433,2.6063849857067947,-0.417637247809151,-0.12695789545773695,-0.8004248723048404,-0.8371086863190106,2020.0
50,51,-0.9071773428806523,-0.26961832967917776,-0.42996826221629564,0.5772597571336242,0.5055663741230166,2.615080157261028,-0.367236552082014,-0.08078307978516674,-0.8031579255661547,-0.8399647963082076,2020.0
51,52,-0.9121898304399332,-0.367175613733693,-0.47648783127553124,0.8249463058735227,0.6083843654604472,2.492473247054204,-0.38934743144265077,-0.12173874793220746,-0.8116432152481481,-0.8472212483160105,2020.0
52,53,-0.9034759742757426,-0.37586468180463706,-0.4536834565053901,0.6228095935216934,0.7478384248742365,2.5221064880514055,-0.41373648549233694,-0.10557413767735485,-0.8023115671647636,-0.83810820352711,2020.2
53,54,-0.8958998186888564,-0.4098731073988917,-0.4774082143746484,0.48136424574561326,1.4220519910271785,2.2138234125588534,-0.5195116911084884,-0.17392409348777513,-0.8040633761486013,-0.8365593481243839,2021.0
54,55,-0.8672603574769817,-0.41727756387572607,-0.47331099941946564,0.2937181208042758,1.4266798813136634,2.278902694353907,-0.5136207668259314,-0.14768812654028507,-0.7729183486533385,-0.8072245336801179,2021.0
55,56,-0.8609946577234255,-0.3987196501127325,-0.45061374774128776,0.27202647383336326,1.209699134432085,2.4211578963124945,-0.5144375229856027,-0.11717925838080082,-0.762574817393407,-0.7983638502406865,2021.0
56,57,-0.8339662559091255,-0.37682417115877603,-0.4262984227551342,0.08427585371928212,1.2914475926704214,2.42115678912212,-0.5314665461485355,-0.11305573264790647,-0.7406719528988501,-0.7745971539934957,2021.0
57,58,-0.8684836014847578,-0.3673053456649238,-0.4278749493755839,0.4555961075389744,1.1401734890129465,2.4079093806314136,-0.5783129418476419,-0.17686324283512744,-0.7755163027660702,-0.8093225932092293,2021.0
58,59,-0.8973025266710435,-0.31715155855994187,-0.46599908855790323,0.5539608908090794,1.068902464825836,2.4000246616647476,-0.5429036457235166,-0.15802646101450227,-0.8037412221008964,-0.8377635146718589,2021.0
59,60,-0.8889792140496297,-0.32293333444372757,-0.44156409726298257,0.31262695142956604,1.4200263346699418,2.2689609563832978,-0.5285242039449703,-0.1865884758188825,-0.8004087350216792,-0.8326161819409339,2021.0
60,61,-0.8815647685521457,-0.33281241196887407,-0.46628579095107975,0.3383972865596842,1.59038270515093,2.14144074390472,-0.543910424025184,-0.2208587332448359,-0.7970230889664877,-0.8277655179067269,2021.0
61,62,-0.8877224293188385,-0.22158379149214366,-0.45287842643613424,0.2584093276991476,1.6724090261680802,2.0885880312472347,-0.5721830745588251,-0.24579784269674898,-0.8044866283030077,-0.8347541923087642,2021.0
62,63,-0.872465600934414,-0.23787795248977986,-0.45844336816276926,0.18014895961670976,1.7672341852413482,2.0355477006759486,-0.5619489263556805,-0.24034237054199203,-0.7911398052114125,-0.8207128218379585,2021.0
63,64,-0.8477645334842652,-0.2530971039048239,-0.4711649040416388,0.1435786087250013,1.956887363725098,1.8751984735151166,-0.5796219051678854,-0.25840457417270407,-0.766306402851148,-0.7993050223427507,2021.0
64,65,-0.8597632219749464,-0.2782529202609231,-0.44229952981653614,0.1734172602336062,1.833877289112961,1.9849157974703318,-0.5993603072471672,-0.23946950742912618,-0.7660567151950147,-0.8070081448931854,2021.0
65,66,-0.8763075015631253,-0.26480054563435607,-0.4316944011666582,0.21587998916005452,1.5198816855293389,2.221557227452967,-0.6205566031049805,-0.171353101966957,-0.7740071421798673,-0.8185996065264157,2021.0
66,67,-0.8816114268179839,-0.32639332196289716,-0.4250801250917217,0.26237270463569934,1.12846821764731,2.450256334341595,-0.5654222643854042,-0.051300363666117024,-0.7725806811515771,-0.8187090735489031,2021.0
67,68,-0.8613708037159783,-0.26726630410492025,-0.4230572938127113,0.09839855774808148,0.9217499023177543,2.5870183570699457,-0.4903245605259199,-0.0068074473913767065,-0.7569720057770786,-0.8013684018077962,2021.0
68,69,-0.8354886361617925,-0.22248872490598565,-0.3562553089561143,0.20701832866366643,0.4079590016607075,2.755853348662313,-0.4501827147130524,-0.011370159644260932,-0.7235318212502717,-0.7715133133552092,2021.0
69,70,-0.8005430567950048,-0.17856075303715066,-0.32426586678783315,-0.09390205058122049,0.4955413641374497,2.7842058781501464,-0.452981649093278,-0.008379483814515537,-0.6896804702455726,-0.7314339119330211,2021.0
70,71,-0.8091395057493151,-0.20849594587841225,-0.33992275168509734,-0.05833505591068654,0.6054279567489532,2.7503364848484058,-0.4748081576445899,-0.033836638161633396,-0.6912588838744594,-0.739967502693165,2021.0
71,72,-0.7934426563287924,-0.20921563739471938,-0.3845425776186406,0.1802690418946626,0.48503197825704913,2.7601637831090735,-0.5086834648241687,-0.09919504067702387,-0.6934239320399783,-0.7369614943774621,2021.0
72,73,-0.7935731500663368,-0.15364455596358384,-0.29610017638610725,-0.1772002097342373,0.4293578748600898,2.8048333878506333,-0.45510083933801826,0.031435580805836374,-0.663736629878092,-0.7262712821501839,2021.0
73,74,-0.7676235475949672,-0.12198998427264304,-0.21850221796515543,-0.2702712322063498,0.21968550971923986,2.8613843507127585,-0.39858443178988157,0.0203748048906415,-0.6241494224122285,-0.7003238290814146,2021.0
74,75,-0.7541206542622598,-0.11816471622825399,-0.19798557883193565,-0.26773558493889116,0.08437139776146166,2.8818315357409596,-0.34457249006206137,0.036628078073278225,-0.6228265251197554,-0.697425462132542,2021.0
75,76,-0.7501312850795894,-0.14937033935805813,-0.21078808368492435,-0.2635596407036395,0.12641322133296737,2.882758106293541,-0.33272913916884805,0.009838764867896045,-0.6189477535076421,-0.6934838509917031,2021.0
76,77,-0.7286029939708673,-0.11601201596151832,-0.21464451096593337,-0.35576027942104527,0.10115772454519074,2.891387824188161,-0.32129832333516534,0.013814491017184639,-0.5978852295071847,-0.6721566865888225,2021.0
77,78,-0.7477838819388858,-0.13882009446493546,-0.27184616454419647,-0.2919478818006181,0.3244062428999578,2.8542664823184367,-0.3809275420091905,-0.0350597598031119,-0.617713946750275,-0.6945734539071814,2021.0
78,79,-0.783073388653956,-0.145630508967998,-0.29996798097967353,-0.24696907549641892,0.6359577455213175,2.7652324537276787,-0.4275147974723413,-0.10806535068591093,-0.6549441666065273,-0.7350249303861702,2021.0
79,80,-0.7764156507533879,-0.12787008311815604,-0.3017159264585704,-0.3350483526197077,0.7614735286811539,2.7249258386729744,-0.4537232836934121,-0.11264061254453296,-0.6499823101421774,-0.729003148024184,2021.0
80,81,-0.7770882947880522,-0.12376125349844226,-0.3092034267902529,-0.3308858962828339,0.8325497693848645,2.6992392153053526,-0.46839840016999196,-0.14087899257153247,-0.6515582082520572,-0.7300145123370541,2021.0
81,82,-0.8297695367641887,-0.07653803926228973,-0.3396483964541973,-0.12062117298705526,0.8884313446341523,2.6462029129980307,-0.4795342459902643,-0.1969856566047593,-0.7075863629758622,-0.7839508465935663,2021.0
82,83,-0.8073721376758047,-0.028129607047350045,-0.3155408094876657,-0.24157683236523392,0.6695778306902349,2.7408603868786496,-0.42182762700612086,-0.1690688390444248,-0.6675976927200281,-0.7593246722222565,2021.0
83,84,-0.7612711980628206,-0.016684908092633382,-0.2455828465164828,-0.3465235716320584,0.2567457031763229,2.856266259388029,-0.35780518208615214,-0.0588425050526679,-0.61520403113087,-0.7110977199906668,2021.0
84,85,-0.7252343686109375,-0.05354878425938422,-0.21058552475598005,-0.2924530198015987,0.0059912121374293675,2.9022399118649305,-0.359435515748014,-0.014847786601455389,-0.5763843776189035,-0.6757417466060862,2021.0
85,86,-0.6738869614766106,-0.10316595411558446,-0.16674368291486977,-0.34306098894544584,-0.16933114862181742,2.9293438544270702,-0.3297540224525722,0.010682536990112472,-0.5260317782224587,-0.6280518546678235,2021.0
86,87,-0.6357198854333188,-0.1299735734000709,-0.18134072639242052,-0.3533473072696598,-0.27614981448687154,2.940901595776853,-0.3269299143021657,0.04173948088864066,-0.4889565911694628,-0.5902232642115235,2021.0
87,88,-0.6341462247751152,-0.1653848666599919,-0.17798282815933586,-0.3546472649989729,-0.2652896311082776,2.938108299910946,-0.3520104823595753,0.0830586531410234,-0.48531449357356354,-0.586391161417137,2021.0
88,89,-0.6346026550853457,-0.1263691871511047,-0.16449402894651807,-0.33165679681871507,-0.2864935226918408,2.9332960009377222,-0.39588249184329605,0.0897693390275079,-0.4865023081108555,-0.5970643493175541,2021.0
89,90,-0.6363664334703582,-0.1538122957531853,-0.16379820000296247,-0.295670876713255,-0.2477972769275586,2.9365313664866766,-0.4184387583722801,0.06264686401404321,-0.4836408390620016,-0.5996535501991186,2021.0
90,91,-0.6365616206574977,-0.1974421933397794,-0.1683633817648937,-0.2679362820061689,-0.21829669457025297,2.9366074986201225,-0.43124758741663805,0.06691063915918141,-0.48382442854698693,-0.5998459494770864,2021.0
91,92,-0.6384759888387112,-0.2099626921700474,-0.18614005865586636,-0.19231629697435773,-0.23643228496358187,2.939330637087366,-0.4264251399038405,0.037675053742797414,-0.4855405638094008,-0.6017126655143578,2021.0
92,93,-0.6770126737425672,-0.20262172154166824,-0.22539485328697326,-0.0532654678873952,-0.16151178241702677,2.9208463870578916,-0.4537176806554857,0.015941192221713498,-0.5232200957223256,-0.6400433040261629,2021.0
93,94,-0.697200360249761,-0.17155339960611923,-0.23078122615751548,0.004945523517041587,-0.16178080822513885,2.9053321897389157,-0.48871841078884615,0.03663241072203858,-0.5366929502954771,-0.6601829686551383,2021.0
94,95,-0.7016875389619525,-0.16298166665842734,-0.23036618126958994,0.023251359986708853,-0.17631047174634962,2.9015327698063684,-0.49509106009915727,0.04361481220436788,-0.5372989428775778,-0.6646630803843906,2021.0
95,96,-0.6778334692146358,-0.23995960292317572,-0.21870072337294974,0.04113002668536776,-0.2491127316184119,2.914031388125628,-0.4628825759845731,0.03758688009366343,-0.5033334995731975,-0.6409256922177157,2021.0
96,97,-0.7059001112825936,-0.28474892727944184,-0.24463929070771312,0.2773758323214035,-0.27088750875832973,2.8818478952988773,-0.4428280831797845,-0.03052461312627885,-0.5106605567937376,-0.6690346364924017,2021.0
97,98,-0.7331089753147358,-0.32009398640692466,-0.2729259648328705,0.4015767436761031,-0.2838335698218705,2.853134664987565,-0.3746320113519247,-0.04858306222127572,-0.52527488025406,-0.6962589584600061,2021.0
98,99,-0.7318809521864571,-0.3480190336726292,-0.27142408999382994,0.346658660155554,-0.25752462144980076,2.86571553373089,-0.3500891672855697,-0.045483792810036006,-0.5130382559613164,-0.694914280526805,2021.0
99,100,-0.7233687004487561,-0.41495568862951904,-0.2951320687265427,0.3264160680115562,-0.16468369434941083,2.866912915609636,-0.38249116106959935,-0.030103471010107356,-0.49611700752931825,-0.6864771918579383,2021.0
100,101,-0.7614710964630065,-0.426690458685848,-0.3376122625548331,0.29124440682041086,0.1756197283986962,2.826728426496582,-0.4671001039505799,-0.05474474570170979,-0.5213729121893439,-0.724600982170368,2021.0
101,102,-0.8000634856047038,-0.45173417588187287,-0.3961742116037684,0.2031825014895653,0.6856617767750731,2.70194151669136,-0.5265817961528944,-0.08814746664225687,-0.5640056062884051,-0.7640790527820972,2021.0
102,103,-0.8434002574382115,-0.41279390190689225,-0.4521921638176186,0.14183374287861494,1.0921087220633885,2.5318099970969037,-0.4857639222063362,-0.14699436028382276,-0.6158891675312,-0.8087186888548256,2021.0
103,104,-0.8430201227281489,-0.433954682074858,-0.45732985011218885,-0.023295479964476368,1.3914334401130737,2.388331231523334,-0.42014208278007154,-0.16699963801215842,-0.6252060569257472,-0.8098167590387584,2021.0
104,105,-0.8558379639568828,-0.45670922809911,-0.4767685331228898,-0.05089405723341059,1.5623369737174972,2.2656985024359306,-0.3520408031673358,-0.16096306428697166,-0.6441865788982829,-0.8306352473885441,2021.0
105,106,-0.8358796681419416,-0.41600892163596287,-0.4316205540892184,-0.1040501608595051,1.2369069003885522,2.4877547146695727,-0.4154611450586556,-0.10048961310700821,-0.6112912714459843,-0.809860280719849,2022.0
106,107,-0.7665925837066638,-0.34888850503585594,-0.3336352662079894,-0.3048887776477793,0.559559199769967,2.792985361988739,-0.38790159665328394,0.05121568267972125,-0.5231274254926396,-0.7387260896942153,2022.0
107,108,-0.7683558932618582,-0.3330116327988899,-0.31133350796001086,-0.12365439976587993,0.3363375916782796,2.8352611604339946,-0.46070469691831445,0.08303018773904906,-0.5174241742364775,-0.7401446349098922,2022.0
108,109,-0.7415676522215859,-0.2593663206754204,-0.27431366511268535,-0.08567817831440237,0.06230053161452007,2.88764757714633,-0.47550492123827076,0.0730626196093508,-0.4874627967880827,-0.6991171940197536,2022.0
109,110,-0.7337201717974472,-0.13215053941706115,-0.21792852560330547,-0.14114037203046667,-0.028392888004005766,2.9041654257606533,-0.4898709621588224,0.005318984296264932,-0.47900824775095746,-0.687272703294852,2022.0
110,111,-0.7865108301288618,0.004850569304129572,-0.2873812603767632,-0.060422523800823934,0.1740216592321054,2.8484219693855217,-0.5481742149382977,-0.0571289273597483,-0.5475753792217384,-0.7401010620955233,2022.0
111,112,-0.79555453799902,0.0024144747865382974,-0.29775541534235866,0.003904891321438481,0.25608336902654955,2.8231768087386255,-0.5552993925731103,-0.0828373510097522,-0.6047812215317965,-0.7493516254171143,2022.0
112,113,-0.831390579626535,-0.04622444250852637,-0.3567487944815132,0.12143509353772508,0.47033222664805824,2.753217529080644,-0.5373960410665588,-0.12237965430418284,-0.6663876207359459,-0.7844577165431652,2022.0
113,114,-0.8398064766463735,-0.09308731493203898,-0.3810288367001126,0.09795522582636401,0.7114956932620041,2.6825403685866807,-0.5523241917551229,-0.14452184513622432,-0.6855028860338173,-0.7957197364713574,2022.0
114,115,-0.8565841530221496,-0.15166046130474936,-0.40483536715469814,0.20691343968444847,0.7608014579548836,2.646302553989749,-0.5086044809258145,-0.16714433430201017,-0.7120680050477154,-0.8131206498719439,2022.0
115,116,-0.8620674763510127,-0.17800929673947885,-0.33531983804413457,0.20113480281148813,0.579707902212529,2.71439196271146,-0.5051923826471657,-0.145462288193688,-0.6550799220027814,-0.8141034637572157,2022.0
116,117,-0.8582781997008361,-0.25803356477853284,-0.2944207097117703,0.1723088894712521,0.38289590936046114,2.787599117428667,-0.49010905608500804,-0.13368694351061894,-0.4972718798907635,-0.8110035625828503,2022.0
117,118,-0.8377580022364788,-0.2807511765887709,-0.2903452902195139,0.12384630109627678,0.3138097509849882,2.8175992910766046,-0.4622169829759671,-0.10887948383231771,-0.4899028537389683,-0.7854015535658527,2022.0
118,119,-0.8585195984153848,-0.22340792201258866,-0.2957868951389621,0.1727426408241272,0.25672435010053,2.8096025587296034,-0.4839169741430092,-0.0720198408169678,-0.5035311233490112,-0.8018871957783369,2022.0
119,120,-0.7892743699564976,-0.1759809464400413,-0.2668910320240086,-0.10639976555077403,0.08311279747426548,2.8876889377396564,-0.4434663905620989,-0.02702826775246412,-0.4298298777245038,-0.7319310852035336,2022.0
120,121,-0.7526377823030235,-0.08597922383863367,-0.21853284300808506,-0.17601564440656292,-0.19963631029629744,2.918569477335598,-0.4147233149863507,0.003501416355419471,-0.395548892087625,-0.6789968827644393,2022.0
121,122,-0.8258812001178142,0.004367990961437274,-0.3106568117119176,0.07915329075574211,-0.0790209273932743,2.8627548034534955,-0.4529474263647985,-0.036333742997410046,-0.48570735857557806,-0.7557286180098822,2022.0
122,123,-0.8110722005849049,0.036728508001723184,-0.30635770144336305,-0.04386717482050613,-0.11384224222496044,2.880566333823287,-0.41195888385680945,-0.024810564244941484,-0.4655661040826042,-0.7398199705669207,2022.0
123,124,-0.7940934961998429,0.06997006847029132,-0.30127743155517334,-0.17044130819818137,-0.1494530134096639,2.892759429897392,-0.3688760952896191,-0.01289280965580358,-0.4438342909628958,-0.7218610530965036,2022.0
124,125,-0.8577069737232192,0.11683966802725836,-0.3803203579092172,-0.03993522651520979,0.1489714594762777,2.8342711734300394,-0.4290476899967411,-0.12114744666108293,-0.49189888645746027,-0.7800257196706449,2022.0
125,126,-0.9139323379817169,0.10788798321049684,-0.4235005908113533,0.19610268719831384,0.3490781857803616,2.749078227607637,-0.4567561339813636,-0.22536756518792297,-0.5484714214607607,-0.834119034373692,2022.0
126,127,-0.9594647486568544,0.008488463174814985,-0.5508106717033108,0.40841921828862776,0.7925808916152348,2.551336779456348,-0.5045099634770472,-0.2511981177464024,-0.6118739245814265,-0.8829679263699841,2022.0
127,128,-1.0062659367568902,0.09065345301694075,-0.6426434631812893,0.5571594003920183,1.1376440981527904,2.292057193873388,-0.5395078240048532,-0.26742138226555123,-0.687276734903121,-0.9343988043234324,2022.0
128,129,-0.9946244614459064,0.09104960576883342,-0.7075139090477239,0.7788738884052107,1.2523795708308083,2.1270763077712393,-0.5869895291964503,-0.3366329460994483,-0.6970127749616724,-0.9266057520248906,2022.0
129,130,-0.9987900471576243,0.21387103860435538,-0.710049956339493,0.872936258186773,1.1784663133358522,2.0943470436705143,-0.6308297021019221,-0.37472362646225293,-0.7138336102732278,-0.9313937114629744,2022.0
130,131,-1.0008737687282416,0.24211427169974112,-0.720161569656078,0.8583797948283652,1.2559779509645175,2.0386258702319404,-0.6455683445715048,-0.3706655867053048,-0.7231824790831791,-0.9346461389802561,2022.0
131,132,-1.0138524406389773,0.3701913854007486,-0.7283485814461971,0.9860191758730877,1.2045170272961339,1.950995327901433,-0.663359476920368,-0.3989210516083737,-0.7572575279421694,-0.9499838379153177,2022.0
132,133,-1.0174786325201635,0.2623358726528077,-0.7336312618113383,1.192615722860965,1.2313320692105214,1.827520301480935,-0.652718448092041,-0.38496663710157064,-0.7695200098319944,-0.9554889768481212,2022.0
133,134,-0.9920940540248792,0.0919938125042713,-0.6445563212887537,0.9349789384939817,0.8650216666276157,2.2759099317325044,-0.5810950818099788,-0.3220033285049018,-0.7072680185689604,-0.9208875451608994,2022.0
134,135,-0.9378315006743231,-0.13060001609345853,-0.595646910869805,0.8337383733556377,0.6259180915415875,2.4816617149352265,-0.5099047065490396,-0.2406532722490751,-0.663874701503097,-0.8628070718936534,2022.0
135,136,-0.9181981291617143,-0.132468946397705,-0.5662403309323998,0.6710573476729941,0.6205879275495453,2.5562230035472924,-0.49664565686743345,-0.22809521610529235,-0.6637260003287457,-0.842493998976541,2022.0
136,137,-0.895003292201099,-0.17840170786226495,-0.5436546049543721,0.6454227254765215,0.5558475274341672,2.6003011520068258,-0.47279661247310684,-0.23294899264029562,-0.6578295588770148,-0.8209366359093613,2022.0
137,138,-0.8681732474750249,-0.2235086487119129,-0.5110079900685774,0.6770507538828403,0.27944528179383604,2.674253625222223,-0.3866288423894531,-0.19462278108151515,-0.6425236462210943,-0.8042845049513216,2022.0
138,139,-0.8432880304395179,-0.227652770153291,-0.4665765708104793,0.6098206210776148,0.01099545518595365,2.7474583623668996,-0.31693917316704995,-0.12072954679113519,-0.6145605165462464,-0.7785278307227483,2022.0
139,140,-0.8581777688947633,-0.2887138454687588,-0.47335324975966153,0.6617563523950466,0.23874938628693693,2.6955171172359065,-0.3598968358970093,-0.1899849468671239,-0.6318104046976446,-0.7940858043329284,2022.0
140,141,-0.8834929915685908,-0.2330314688492645,-0.5093126916838019,0.9515209755673909,0.2992123004508901,2.5535298617454965,-0.47157800699866453,-0.21825424967186807,-0.6657928876158751,-0.8228008413757125,2022.0
141,142,-0.8762877411060596,-0.2556296858550156,-0.4999284110984132,0.7196901152537677,0.46628376209559436,2.608987164751227,-0.4771593413114737,-0.20902006064410428,-0.6590440281977313,-0.8178917738877913,2022.0
142,143,-0.8614252993873283,-0.29730654774208815,-0.5107137358644855,0.5406226734517143,0.7061329864344216,2.599123929455289,-0.49847342332878697,-0.2291865475434176,-0.6472198300126026,-0.8015542054627155,2022.0
143,144,-0.8351982414127859,-0.2691639272247763,-0.48994977826560604,0.437837823718469,0.5698764209095535,2.6835762595504384,-0.4983374760379905,-0.20693262117160122,-0.6173886702266732,-0.7743197898390277,2022.0
144,145,-0.8323240876513457,-0.22799636724442804,-0.4782130651626838,0.44541291976166025,0.4785938297029942,2.7047065171605196,-0.5176493925519741,-0.17713710364582605,-0.6242634638388831,-0.7711297865300332,2022.0
145,146,-0.8375162491414968,-0.2240150966623468,-0.49943679522203627,0.49464211481189724,0.4227219086598122,2.7053711789186035,-0.4702873177285775,-0.18342376819014727,-0.6318353565474656,-0.7762206188982425,2022.0
146,147,-0.772296509098603,-0.15510721094719176,-0.42963077659553445,0.14259586227878307,0.12556032056510158,2.859625130023163,-0.36260569444334495,-0.12299102574926765,-0.5756896014521806,-0.7094604945809254,2022.0
147,148,-0.7654622072315054,-0.1524339313274419,-0.42309275136701474,0.15896322657375736,0.10957496765931984,2.8633191892784375,-0.36338039313148013,-0.15327102046158492,-0.5715365578217083,-0.7026805221707797,2022.0
148,149,-0.7450231919706035,-0.12538222462078463,-0.4100367845314866,0.061964096734981884,0.006878685828883368,2.8914527919573723,-0.34236841174328436,-0.10469024285910297,-0.5506863362358905,-0.6821083825600849,2022.0
149,150,-0.711643136521328,-0.1278624755525341,-0.4024514671363263,-0.08098142820895984,-0.0310307884797944,2.917452224807145,-0.3176190957527157,-0.07930710508954648,-0.5177007085226131,-0.6488560195433267,2022.0
150,151,-0.7204868506606573,-0.1082701110700627,-0.4051532971181045,-0.10519504982097752,-0.025243457344762875,2.915074198825956,-0.2810326430641209,-0.08590602925853412,-0.5261988899230029,-0.6575878705657332,2022.0
151,152,-0.7328914000613526,-0.15721391456700817,-0.4177925529743559,-0.1175120190156741,0.07205055270125914,2.903187132650619,-0.2679318768087568,-0.07333667044447137,-0.5385757845108089,-0.66998346696945,2022.0
152,153,-0.7570591142970974,-0.1500560800417934,-0.4346500268823051,-0.08366949992250082,0.1404202219991619,2.884398866929922,-0.23941185665805642,-0.10075634121902761,-0.5637817291396633,-0.6954344407686401,2022.0
153,154,-0.7703976195139066,-0.19273907087186207,-0.44413785896559516,-0.06396702497051654,0.3086618453817501,2.8511415889697043,-0.25810275577623265,-0.12430273411301249,-0.5874351681790231,-0.718721201961306,2022.0
154,155,-0.7924590631814801,-0.18896584213838852,-0.42202557933305485,-0.05998560342681448,0.34318256139613174,2.8349352858327443,-0.26506698081419794,-0.09971487435315617,-0.6092008064437773,-0.7406990975380068,2022.0
155,156,-0.7721901941905812,-0.15269773378396082,-0.4008315511828971,-0.07691025561912732,0.19395980522925904,2.8670122295392937,-0.2980974141150117,-0.05164776289751615,-0.5883353860499666,-0.7202617369294916,2022.0
156,157,-0.7908514389457353,-0.1767085616937036,-0.44916669646373125,-0.08551849209720458,0.4296497974220415,2.813658476659783,-0.3351791094681074,-0.05771664161046707,-0.6087493182576046,-0.7394180155452709,2022.0
157,158,-0.8434559769466825,-0.18763938170780187,-0.4923163911408486,0.04200323714620355,0.9274624512390895,2.618540015427946,-0.4306333156114588,-0.17135077734722706,-0.6685537497962482,-0.794056111262972,2023.0
158,159,-0.8372651836389022,-0.14611492813130678,-0.4751046248914132,0.13692496800693355,0.7353599453366808,2.6821088947601206,-0.42997050120366304,-0.2083782674354922,-0.6648854582290613,-0.792674844573896,2023.0
159,160,-0.8162453248377524,-0.00851273120449699,-0.3802818447910541,-0.011582896556938527,0.42661343101880816,2.7925944939867096,-0.40763422702189683,-0.17960467311782993,-0.6431996413365021,-0.7721465861390466,2023.0
160,161,-0.8385619912978904,0.030350917040954547,-0.394118032434918,0.022582857834860148,0.5305584437762475,2.7486167778021304,-0.4304614522920025,-0.2082394728605163,-0.6665549660200859,-0.7941730815487796,2023.0
161,162,-0.8531669857466416,0.14660771744140025,-0.40046500326477147,0.08887503052770988,0.4624721294980331,2.7356966767245914,-0.46402647106878636,-0.22615669854459092,-0.6810791689846799,-0.8087572265822645,2023.0
162,163,-0.8605641119351132,0.09644609816300209,-0.4157254560302222,0.07685332857910182,0.5840577017510556,2.70559590683592,-0.473675901278378,-0.20600003513213466,-0.6914040027107347,-0.815583528242497,2023.0
163,164,-0.8508228947731193,-0.06631031720471844,-0.42096797252232593,0.14178102874493406,0.7143740358652657,2.6752453128757234,-0.4674535557173863,-0.22107996478356642,-0.6908577996607057,-0.8139078728241008,2023.0
164,165,-0.8433852604328622,-0.16227811553418037,-0.3941039948687237,0.15007675346394123,0.8013583466353719,2.652982826138994,-0.4789712466017203,-0.23413058105892187,-0.6847675535197536,-0.8067811742221448,2023.0
165,166,-0.8238133435830176,-0.1811279287872474,-0.343241821360785,0.08484876275713289,0.6698326225691016,2.719336901731842,-0.46633847199289485,-0.2097039369697015,-0.6630732975567134,-0.7867194868077166,2023.0
166,167,-0.8332275621441216,-0.19661926442387737,-0.3002718114299432,-0.11086548197813738,0.9921792772694029,2.611616751369328,-0.4642992956096452,-0.22440242135333832,-0.6769473044159039,-0.7971628872837637,2023.0
167,168,-0.844628550123807,-0.20720833936999258,-0.282309001517507,-0.12676243436500384,1.0080326242767974,2.6017167822327703,-0.43277758795540955,-0.21923513579930984,-0.6882801965426827,-0.8085481608358552,2023.0
168,169,-0.8561480911082375,-0.21361549856919668,-0.3018113328297029,-0.0968857179302914,1.1020588289875313,2.549508108909957,-0.42813889543225153,-0.2294388688335816,-0.7043993762776607,-0.821129156916566,2023.0
169,170,-0.8275543679581685,-0.20950331913602774,-0.2653202924185183,-0.10843666362938217,0.7564554660682388,2.711133355679341,-0.38589579295593723,-0.21085810004094255,-0.6690450020831346,-0.7909752835254684,2023.0
170,171,-0.7889406865449329,-0.1604507601217239,-0.23505967018696805,-0.124117052989579,0.3704096631677827,2.8333357649498194,-0.3704096631677827,-0.14658293297205027,-0.6266871088937513,-0.751497553240814,2023.0
171,172,-0.742862566327084,-0.09736082963093831,-0.1813606189477293,-0.16078348934999193,0.012008023573474151,2.9012625218859167,-0.3490783190936711,-0.09905210055677974,-0.5779636510575447,-0.7048089704956518,2023.0
172,173,-0.7970344365758201,-0.012129134917927099,-0.2329759941536351,0.12392111736944102,-0.008103979524809698,2.8513664117457913,-0.4012274895859424,-0.12295508007509284,-0.6400533762442415,-0.7608080380377634,2023.0
173,174,-0.7807630969365725,0.07783333645813378,-0.15858781181525752,-0.09634298293958406,-0.12637338283574232,2.8717525413425293,-0.3824507928593463,-0.04010423404314224,-0.6210559702160946,-0.7439076061549238,2023.0
174,175,-0.7448682913590687,0.2155726555085556,-0.11124405557834435,-0.28325285088723906,-0.2723706617962682,2.8764434074298246,-0.3446845634975586,-0.04805715117915854,-0.5805823399211856,-0.7069561487195573,2023.0
175,176,-0.7934191383707143,0.15659362825973502,-0.10639457674977619,-0.19834050727427416,-0.1066801231178647,2.8644298368430086,-0.3228387237608614,-0.11210550411154625,-0.6263745130389401,-0.7548703786787664,2023.0
176,177,-0.8082388125583987,0.12326543624270259,-0.08857019501507706,-0.2551760563556551,-0.05879870089236208,2.858807723133706,-0.26519530918541495,-0.09572680417919124,-0.640774158118127,-0.7695931230721822,2023.0
177,178,-0.8259523440910748,0.09691860320071802,-0.0954891252774036,-0.3242055930077116,0.10406599281729015,2.8363700954404822,-0.2841802111549077,-0.061467550702520274,-0.6587034270632871,-0.7873564401615853,2023.0
178,179,-0.8232336632668601,0.08563092507369532,-0.09688462236490145,-0.3268142243806611,0.12790369662441883,2.8356460905491407,-0.30310719709207967,-0.058324999666606356,-0.6561419649075814,-0.784674040568565,2023.0
179,180,-0.8281627873771682,0.08106468715416024,-0.106952810721897,-0.3184010606129036,0.12649748679290354,2.832177862763095,-0.31068605690066414,-0.02494517866957416,-0.6610043736119805,-0.789587768815971,2023.0
180,181,-0.8030570542184766,0.06755219396146887,-0.07726371444641576,-0.323193689079924,-0.011853767650744008,2.8559011049629874,-0.3080551424416244,0.00042844943315942203,-0.635961775286302,-0.7644966052341287,2023.0
181,182,-0.7986770638796029,0.06364631852231364,-0.057992675154248094,-0.30612480075268034,-0.08397659164384226,2.8590588727325,-0.3189739902255566,0.03480702659430252,-0.6316376007322118,-0.7601294954609742,2023.0
182,183,-0.8528819637365993,0.004483709184569303,-0.10588451689713661,-0.07024477722491908,-0.047251396791230346,2.8289330782078093,-0.3369679902557084,0.07863736108321547,-0.6847428693152505,-0.8140806342547496,2023.0
183,184,-0.818203105538123,-0.027160744591713026,0.03787605944118631,-0.15150423776474525,-0.22370368541360267,2.848497414343136,-0.307363362847993,0.07855987517982818,-0.654035313860364,-0.7829628989476093,2023.0
184,185,-0.7694704283432361,-0.23546028772359218,0.08483181369395304,-0.1853077878574997,-0.2528426882453629,2.8765593204445676,-0.24258422236366214,0.06659454101537395,-0.6070447185496411,-0.7352755420709003,2023.0
185,186,-0.7645421074413479,-0.2844927242060888,0.03753683828506245,-0.16269766381306702,-0.1532849308084541,2.8850311893472083,-0.2516907758566801,0.026412699279610808,-0.6019585373616702,-0.7303139874245737,2023.0
186,187,-0.7696298402818463,-0.29078839108964616,0.025583896152427628,-0.18371293286241,-0.07035571441917599,2.8837847944314516,-0.2510990879067506,-0.004968301261743758,-0.6051619364448115,-0.733652486317495,2023.0
187,188,-0.7861384783986781,-0.30509768944838106,0.0032031253485394337,-0.09575056845455378,0.02865653213604029,2.8731462389729336,-0.2727804426282957,-0.07744699503432845,-0.620262344277886,-0.7475293782153902,2023.0
188,189,-0.800315122512667,-0.3211204422592599,-0.013658619985756027,-0.10624006089339103,0.13835782002307676,2.85465157702301,-0.2954033753404724,-0.057663378935681305,-0.635725894232427,-0.7628825028864319,2023.0
189,190,-0.8117333014961998,-0.3482356944440776,-0.04996771989978011,-0.07589167948290435,0.25656173626990864,2.82759179382701,-0.34310787826280026,-0.024043760316655883,-0.6522012425231276,-0.7789722536713726,2023.0
190,191,-0.7939604571847539,-0.42203086404203527,-0.054640457390760955,0.13401948115989343,0.13770757018419194,2.8294451596106716,-0.37663899912759213,-0.04300879200643489,-0.6470042945242442,-0.7638883466789353,2023.0
191,192,-0.7596330753771046,-0.42242665345156566,-0.06091197311395945,0.210718681932514,-0.01257811045740694,2.847034102971492,-0.3862469200010468,-0.04932315224309013,-0.6324386999651243,-0.7341942002947085,2023.0
192,193,-0.7117483635249925,-0.3772274817060171,-0.026574882235872913,-0.07525304777975088,-0.0902527150694342,2.897794214071633,-0.34043584495773727,0.0034244523434937405,-0.5917510252075259,-0.6879753059337962,2023.0
193,194,-0.6907756013559015,-0.39062288080605656,-0.028798818993378154,-0.10235179481143632,-0.11310184512330634,2.9104912531205613,-0.3283857474215458,-0.020594833229056284,-0.5776171770204275,-0.6582425543594528,2023.0
194,195,-0.6956770877229028,-0.40881743705760926,-0.03793676445188942,-0.054627809214465674,-0.07386494555099424,2.9056279941007537,-0.34346775332616664,-0.04783823168392618,-0.5825174622139113,-0.660880502878888,2023.0
195,196,-0.7178996262273469,-0.4430568058354523,-0.05963410578256232,0.07495970338054657,-0.026833933801636622,2.881636488575964,-0.39102894683122535,-0.03927537834612568,-0.60479558491381,-0.6740718102183514,2023.0
196,197,-0.7378677981940337,-0.4644160261221253,-0.08305250102183993,0.0875723650230285,0.1341834625352856,2.854859099750729,-0.4175224371097939,-0.0485885380127771,-0.6282610961652109,-0.6969065306832622,2023.0
197,198,-0.7370108854545058,-0.4986565106334071,-0.10224444754441689,0.03834518961365428,0.24345391877412684,2.8411221644603315,-0.41807808132036434,-0.035189670703493166,-0.6327660643152545,-0.6989756128766709,2023.0
198,199,-0.7547207726686069,-0.539237398864519,-0.1341620643878423,0.08132130941624556,0.48751025305986856,2.7809883323855478,-0.43706375779720613,-0.11578751313323016,-0.6517119247260843,-0.717136463284173,2023.0
199,200,-0.7891694443889505,-0.5817420398608304,-0.18795407657697752,0.16018905420003646,0.8437811907373696,2.6409451877817847,-0.48667114611877543,-0.1676974941035283,-0.6892369708532676,-0.742444260816861,2023.0
200,201,-0.8466741346092251,-0.5518240563230863,-0.28072722427365915,0.5844589511526553,1.0287995682546212,2.4323065958933694,-0.556213243127696,-0.25619941565966337,-0.7511447747441888,-0.8027822665631273,2023.0
201,202,-0.8851780316757019,-0.4716608383563938,-0.32578899520779714,0.746586962420638,1.0116686598119367,2.370660998178739,-0.5378030800652478,-0.2870778382386617,-0.7903228788374229,-0.8310849580300887,2023.0
202,203,-0.8965542086414519,-0.402732017056283,-0.3608957295155436,0.7532841736399751,1.016108458558485,2.3630829187658478,-0.5500573486414633,-0.28954304278962006,-0.8015884025673808,-0.8311048017525651,2023.0
203,204,-0.9031087640225457,-0.42108817823669004,-0.3953387011128326,0.9494096929817063,1.2148458917444616,2.153137586192315,-0.5926711426227684,-0.35659416076758904,-0.81406851602416,-0.8345237081318972,2023.0
204,205,-0.8971149615905836,-0.4178606261838557,-0.37853719353509857,0.8579389918142593,1.18309462552867,2.224182504904516,-0.5697473847896802,-0.3687063353729093,-0.8061795235903326,-0.8270700971849849,2023.0
205,206,-0.9111139632895426,-0.42513579440986177,-0.4054018472391115,1.0774972913629286,1.1647546240335953,2.1084177122348935,-0.591091157363882,-0.3514306905191078,-0.8231433554199331,-0.8433528193899785,2023.0
206,207,-0.9013982295960473,-0.43353346998271225,-0.3603684265076143,0.8572545043689314,1.2054613835163037,2.2062808745301847,-0.5906303191834241,-0.34054779600098245,-0.8108595470348894,-0.83165897410975,2023.0
207,208,-0.9126827631228087,-0.2552497717299083,-0.26036284043087643,0.39922302199401055,1.160262931801265,2.3973564485565504,-0.57091448679494,-0.30853332977157605,-0.8131124778934297,-0.8359867326082869,2023.0
208,209,-0.9328300156053834,-0.124755382026252,-0.24182788128842378,0.36868690978579266,1.1031339168758236,2.4147117601723425,-0.5999050958285823,-0.3012787598199955,-0.8313062076514688,-0.8546292446138546,2023.0
209,210,-0.9471289205807083,-0.16775336656277853,-0.2589999676220304,0.6891008102480664,1.0208820904309677,2.3463874490135916,-0.6315452618876152,-0.3335090264751474,-0.8472435880602255,-0.8701902185041201,2024.0
210,211,-0.8839387453908005,-0.29247152622574124,-0.12621973409468198,0.7236388246475658,0.3908490927225711,2.6070627416985674,-0.5663148395982432,-0.27215504216153263,-0.7780641101266148,-0.80238666147109,2024.0
211,212,-0.8725427441307994,-0.3833630257657003,-0.12154852861254868,0.6733685137307374,0.3923198375104134,2.6298003098916234,-0.5412555404962194,-0.21972896504498055,-0.7663241433120865,-0.7907257137704395,2024.0
212,213,-0.8410450754795171,-0.37375008920553354,-0.1209183043526368,0.8437366029739873,0.08237792129352027,2.6421923681620334,-0.48828317407660793,-0.2297247349801575,-0.7451236168999923,-0.7694618974350956,2024.0
213,214,-0.8218727972162816,-0.3880781983656762,-0.09742121125702147,0.5984028523538485,0.14211520022950808,2.721513387334454,-0.48155582236041944,-0.17979836740238894,-0.7342375247212097,-0.7590675185948135,2024.0
214,215,-0.8280297684746688,-0.3722944676898725,-0.15727052906753355,0.7940300101260627,0.09556298802396836,2.6585328873076866,-0.48399146667892645,-0.17025855220579564,-0.7558740843732128,-0.7804070169677078,2024.0
215,216,-0.881960317441604,-0.3734164770716511,-0.24823645482673962,0.9155465644814217,0.526873772198672,2.485885236393034,-0.5427448107332947,-0.2188973871130885,-0.8196497260116592,-0.8434003998750911,2024.0
216,217,-0.8926708173904946,-0.4250901224726417,-0.29706521107541556,1.0682704180847147,0.8743890707835655,2.2684381059978063,-0.5409974496635461,-0.3371059241050007,-0.8478884409758269,-0.8702796291831607,2024.0
217,218,-0.8936163502719466,-0.38241515057936887,-0.26051546200520176,0.8102025314845211,0.7804912178684941,2.4329400714103357,-0.4915417510569262,-0.270789467648127,-0.8519649760438713,-0.872790663157909,2024.0
218,219,-0.901713402462671,-0.38474618431069285,-0.2491203169799324,0.7013956988318826,0.7019631710801284,2.503120087012487,-0.4661784519339737,-0.18783331416937954,-0.853478261361773,-0.8634090257060755,2024.0
219,220,-0.9080250877366732,-0.39173096682953923,-0.22228340086001783,0.7971438649566175,0.6433249579842849,2.4866841586527193,-0.4731645058148918,-0.2184447828607083,-0.8507200047469807,-0.8627842327448108,2024.0
220,221,-0.8355667752277629,-0.2729435044585895,-0.06522394246575122,0.2051082303563569,0.2110430749847237,2.789139581547265,-0.36077920495841825,-0.11240595726126734,-0.7717671954728197,-0.7866043070437367,2024.0
221,222,-0.7796744826953934,-0.1412514673377164,0.004322186845862976,-0.1277446334443946,-0.0016808504400578237,2.867770972230084,-0.33995200150169486,-0.058709704656305414,-0.7040362128927913,-0.7190438061075933,2024.0
222,223,-0.8098883320195445,0.14675193151644256,-0.026994304466114484,-0.09359209508975219,-0.03528202952150051,2.8304948985587677,-0.4481883313880543,-0.08560036021491567,-0.7314509341739267,-0.7462504432014018,2024.0
223,224,-0.8273937259858044,0.2095753839243354,-0.059483922293583055,-0.056575173037173125,-0.026033305844868865,2.808542844526607,-0.47398069133199794,-0.059483922293583055,-0.7503118706909412,-0.7648556169729909,2024.0
224,225,-0.8334673461215584,0.5507021140105219,-0.01619712100030947,-0.1912857177290069,-0.1684728712496978,2.7478643905489806,-0.4852862767311031,-0.092620156705995,-0.7499152958910887,-0.7613217191307433,2024.0
225,226,-0.8993712882348774,0.6409053541055559,-0.021442500349279577,-0.03762551948081134,-0.01739674556639664,2.676208992380166,-0.5418999549187206,-0.1971438509201958,-0.8011172435077203,-0.8011172435077203,2024.0
226,227,-0.9246067367744623,0.41363218174506317,-0.02262962302835371,0.38067925130429037,-0.13869392670470393,2.676594484580434,-0.49767673531170675,-0.25475823038105416,-0.8184574741156897,-0.8140831913138172,2024.0
227,228,-0.8754456277314825,0.24115960355716531,0.04449319498322074,0.20902071519950421,-0.332033047518919,2.7718759225829017,-0.42078355573594645,-0.12622622115518092,-0.7619275358259823,-0.750133448355281,2024.0
228,229,-0.8757446076241268,0.27886839460656554,0.029206312460124086,0.05263066458550279,-0.2533684669764064,2.7870531367404707,-0.4102226729805246,-0.09710728254508262,-0.7615879548612052,-0.7497275234053172,2024.0
229,230,-0.8697249425841695,0.23276852288912128,0.06170739217799329,0.010060663359450285,-0.16159753936114063,2.7977898755418464,-0.4269960475674107,-0.1409985550346697,-0.7547885807625565,-0.7482207886584643,2024.0
230,231,-0.8787621965896684,0.11253983806773456,0.04296435033233195,0.3069944063538598,-0.17884468321728492,2.7680042866356005,-0.4675532242047889,-0.17081674232473845,-0.770236328968207,-0.7642897060848393,2024.0
231,232,-0.853841750574242,-0.00408479658583899,0.044217177640870235,0.23474163153511218,-0.09919794336559358,2.803094754923219,-0.46325171207430943,-0.17821043206977843,-0.7414353043799866,-0.7420316250494522,2024.0
232,233,-0.8727814844231817,-0.05835535138134554,-0.04412956739808203,0.41791204155833084,-0.05716986938274025,2.7622026938002975,-0.4815724248834351,-0.13274434679382766,-0.7601606945556789,-0.7732009965403371,2024.0
233,234,-0.8740305655506633,-0.08613780567704438,-0.048506222185525166,0.43833386975593996,-0.07458165011665659,2.7602322023507795,-0.4639351989974145,-0.1142874153754249,-0.7614321267571412,-0.7756550874468493,2024.0
234,235,-0.7918102130529527,-0.15586721225551473,0.025873420069984925,-0.0991665223674278,0.004685267532857708,2.868368531564869,-0.39938175409066695,-0.07797836983030058,-0.6784088332767789,-0.6963143142940695,2024.0
235,236,-0.8097207591561725,-0.26905579053509954,-0.012232507801860628,-0.0006531921641770239,0.21400950542672673,2.828856500839022,-0.4222590435875288,-0.08913103985724662,-0.6998657133627639,-0.7399479598008994,2024.0
236,237,-0.8064606085837486,-0.34493283816273246,-0.04316468057976042,0.07369651769991994,0.29765582680806685,2.8073610040397843,-0.4156412594003112,-0.10677267458009276,-0.7088297340716105,-0.7529115531695153,2024.0
237,238,-0.8158487751622313,-0.4316587910443953,-0.08332653877755732,-0.06795893941284388,0.8449902969205026,2.660359118170633,-0.45157975318383864,-0.1627258021619101,-0.7219356679334269,-0.7703151474149322,2024.0
238,239,-0.8220501801765617,-0.48777160026608196,-0.12047785196938197,0.01020718955940642,1.0988823670950183,2.538618835137439,-0.47401528010515687,-0.23410505649862326,-0.7312584671144562,-0.7780299556616015,2024.0
239,240,-0.8122879182279384,-0.4969242358343242,-0.11239462832043953,-0.038013812020466116,1.111457991168791,2.5403381744073945,-0.4790838186406037,-0.22300521492150702,-0.7217134924752033,-0.7683730451357033,2024.0
240,241,-0.819103868776356,-0.5186360382074763,-0.10279752153013581,0.04365604360269184,0.944499483435018,2.603653161087033,-0.4721517326395042,-0.18316496549403932,-0.7244551020174731,-0.7714994594597581,2024.0
241,242,-0.7959618467727878,-0.49791949937547403,-0.05428832776968346,-0.019106745495336433,0.6888153368543293,2.7193360894200977,-0.4587335093625834,-0.16183527846199633,-0.6915612164464735,-0.7287450025900923,2024.0
242,243,-0.7724042521192581,-0.5025409477840219,-0.013955457815194765,-0.03649222198880122,0.5142138358944539,2.7785807695938614,-0.4490883660902117,-0.14686457986466872,-0.6669437531017407,-0.7045050267244182,2024.0
243,244,-0.7603352331448504,-0.44744966649571855,0.01692611864275099,-0.10688800223795764,0.34379539776782175,2.8317309091119434,-0.42530878840881536,-0.129902862354607,-0.6423476591291164,-0.6802202137514508,2024.0
244,245,-0.7436683275614877,-0.41845744579851213,0.03946280923993775,-0.19066399408830234,0.2692979436159241,2.8555265432502774,-0.4219574732255576,-0.11220504593203291,-0.6167923333310892,-0.6605426761691576,2024.0
245,246,-0.7398101879101112,-0.3700077353970695,0.04290412276182236,-0.23393450941288924,0.15111752877079332,2.8790337962381316,-0.3852573210677104,-0.08671735543862523,-0.6046167457146218,-0.6527115928297199,2024.0
246,247,-0.7468646611255086,-0.378273743018838,0.03273438391756861,-0.27442471450465694,0.22931620690779297,2.8629860765223616,-0.40635686058887005,-0.050637371368464044,-0.6093743980222268,-0.6591049187191586,2024.0
247,248,-0.7394742322617889,-0.37967808571391226,0.03629982158132704,-0.3459108098243057,0.31167777840518734,2.85266528909808,-0.3971439180706053,-0.08363222726796518,-0.6026585454676935,-0.6521450704783237,2024.0
248,249,-0.7436750351408288,-0.3250268951018441,0.03165317417389961,-0.40037774171066765,0.3444028270869702,2.8464000503915345,-0.39019519487163745,-0.10188365437223935,-0.6049014682203314,-0.6563960622348556,2024.0
249,250,-0.7523559022003329,-0.3191180646726009,0.01993763426214579,-0.42807955424479305,0.4299921761362198,2.8236674523763976,-0.41532874163528116,-0.08699531694035124,-0.6060113483866174,-0.6657083346947864,2024.0
250,251,-0.7580347509344473,-0.3171646032644071,0.017489304207900604,-0.3785663202006305,0.381243551460409,2.8329471779423154,-0.4172697721082974,-0.07330375590632549,-0.6110780350444339,-0.6762627961520834,2024.0
251,252,-0.7644927576749451,-0.2905682103814371,0.01658882459914196,-0.30317102765640364,0.27274841293218216,2.8522227114666063,-0.40838989746368215,-0.06664838717040428,-0.6199999921735849,-0.6882896764774732,2024.0
252,253,-0.7664395776273029,-0.16196125023764021,0.03658141171123386,-0.3062218173891995,0.1495707720773836,2.8681006827146414,-0.41714609806197317,-0.09292858620192472,-0.6177538397042234,-0.691801697280995,2024.0
253,254,-0.7753582795805749,-0.046992305924067446,0.026553163435409578,-0.33762982339284414,0.07233447970335712,2.8694252220095717,-0.4253527326288468,-0.07593791233864074,-0.6202925309310751,-0.6867492803522893,2024.0
254,255,-0.7978038155646877,0.0034536961712757046,0.03859130069642852,-0.3854625248549884,0.1506111852082405,2.8432929131784985,-0.4419229492201912,-0.06592054866043627,-0.637131863248818,-0.7077073937053215,2024.0
255,256,-0.7953457474788175,0.08154462980284781,0.06271001254433317,-0.4152569959176449,0.051903264936988706,2.846219431978915,-0.43131273521998525,-0.06851477983056392,-0.6273780132389492,-0.7045690675771239,2024.0
256,257,-0.7787715825397351,0.09637406376601605,0.0763089960376655,-0.4095743363380849,-0.0496378906264426,2.859179543285054,-0.4176003634294251,-0.07186381180246168,-0.6136206404679267,-0.6907939778846596,2024.0
257,258,-0.7919274425008892,0.0732164012520393,0.075696211624674,-0.31735373243792486,-0.08270167592736702,2.861143212686593,-0.4199558866056853,-0.06844276628471753,-0.6260901238309441,-0.7035841979757783,2024.0
258,259,-0.8551566759229559,0.036477357295961306,0.030231234471310396,-0.05877601577996505,0.04084964327321694,2.825371198502592,-0.38607285179167267,-0.1443478984776825,-0.7243004027465194,-0.7642755888242851,2024.0
259,260,-0.9115695402971695,-0.03225997998463024,-0.03132850799277374,0.10000904285899326,0.32014692360108027,2.747562934379128,-0.3809409956029147,-0.18253746133747947,-0.8106600745127149,-0.8184223411115191,2024.0
260,261,-0.9720085786956483,-0.12654909505179765,-0.12205197013879844,0.4523807854149668,0.6694420145490617,2.561232561284061,-0.45184113042540686,-0.2539676342534418,-0.8745708722473322,-0.8820660804356643,2024.0
261,262,-0.9899848204026171,-0.17724619055243365,-0.17292311273408162,0.5692052460830186,0.9453130162796461,2.4065133188826358,-0.502197539898562,-0.27883851928370657,-0.896318134338323,-0.9035232640355764,2024.0
