Minggu ke,Beras,Bawang Merah,Bawang Putih,Cabai Merah,Cabai Rawit,Daging Sapi,Telur Ayam,Daging Ayam,Minyak Goreng,Gula Pasir,Tahun
1,12175.0,39075.0,31675.0,65250.0,59975.0,121250.0,25875.0,37100.0,13475.0,13200.0,2020.0
2,12250.0,34640.0,31930.0,63870.0,71350.0,121250.0,25700.0,35910.0,13540.0,13380.0,2020.0
3,12340.0,35100.0,33810.0,67030.0,81180.0,121250.0,25290.0,35640.0,13730.0,13780.0,2020.0
4,12400.0,34920.0,35690.0,68210.0,90470.0,121250.0,23570.0,35430.0,13870.0,13930.0,2020.0
5,12400.0,34360.0,35210.0,68520.0,91660.0,121250.0,22820.0,35260.0,13950.0,13960.0,2020.0
6,12400.0,34580.0,48900.0,73170.0,87950.0,121250.0,23200.0,35040.0,13910.0,14000.0,2020.0
7,12400.0,32100.0,56230.0,60360.0,74090.0,121250.0,24550.0,35890.0,13900.0,14000.0,2020.0
8,12400.0,31470.0,48380.0,51470.0,54290.0,121250.0,26400.0,36110.0,13900.0,14360.0,2020.0
9,12400.0,30170.0,46600.0,61720.0,43980.0,121250.0,26220.0,36340.0,13900.0,14650.0,2020.0
10,12400.0,30900.0,45570.0,48550.0,40830.0,121250.0,25950.0,36360.0,13660.0,15510.0,2020.0
11,12400.0,34690.0,42620.0,42230.0,43710.0,121250.0,26210.0,36300.0,13500.0,17240.0,2020.0
12,12400.0,37010.0,42680.0,37190.0,55960.0,121250.0,26440.0,36250.0,13400.0,17380.0,2020.0
13,12400.0,42250.0,46237.5,34375.0,62937.5,121250.0,26487.5,35087.5,13400.0,18187.5,2020.0
14,12400.0,45970.0,45780.0,29470.0,58890.0,121250.0,25790.0,34750.0,13400.0,18500.0,2020.0
15,12400.0,48387.5,44875.0,29125.0,58350.0,121250.0,25750.0,34112.5,13400.0,18500.0,2020.0
16,12400.0,50150.0,41230.0,25140.0,45220.0,121250.0,25050.0,33650.0,13400.0,18490.0,2020.0
17,12400.0,47710.0,39140.0,25250.0,36630.0,122000.0,24680.0,33750.0,13400.0,18900.0,2020.0
18,12250.0,49462.5,38012.5,23962.5,33687.5,121650.0,23237.5,33187.5,13400.0,18900.0,2020.0
19,12100.0,52012.5,35362.5,22462.5,30087.5,121650.0,21612.5,32462.5,13325.0,17687.5,2020.0
20,12100.0,52430.0,35260.0,21800.0,27810.0,121650.0,20610.0,34580.0,13700.0,17660.0,2020.0
21,12100.0,57933.333333333336,33083.333333333336,23100.0,31983.333333333332,126650.0,21033.333333333332,37416.666666666664,13800.0,17600.0,2020.0
22,12100.0,58937.5,31850.0,26437.5,29937.5,134487.5,23337.5,38400.0,13800.0,17300.0,2020.0
23,12100.0,59475.0,29100.0,22375.0,26837.5,124150.0,23450.0,37987.5,13800.0,16150.0,2020.0
24,12100.0,57130.0,27370.0,21490.0,24360.0,122500.0,24050.0,42100.0,13800.0,16020.0,2020.0
25,12100.0,49490.0,25150.0,22730.0,24470.0,122500.0,25280.0,41430.0,13800.0,15830.0,2020.0
26,12100.0,47040.0,23280.0,21320.0,23030.0,122500.0,26970.0,40680.0,13320.0,15440.0,2020.0
27,12100.0,43250.0,22150.0,22020.0,26380.0,122500.0,26600.0,41320.0,13350.0,14860.0,2020.0
28,12100.0,39970.0,20960.0,23250.0,28340.0,122500.0,25780.0,39900.0,13350.0,14440.0,2020.0
29,11950.0,36850.0,20770.0,24150.0,32450.0,122500.0,26260.0,36690.0,13230.0,13840.0,2020.0
30,11850.0,34100.0,21080.0,24270.0,28150.0,122500.0,26240.0,34700.0,13200.0,13750.0,2020.0
31,11850.0,32237.5,21062.5,25837.5,28962.5,125212.5,26037.5,35812.5,13312.5,13600.0,2020.0
32,11850.0,33490.0,21000.0,27050.0,29690.0,122490.0,25280.0,35920.0,13500.0,13750.0,2020.0
33,11850.0,32590.0,20840.0,25090.0,26850.0,121650.0,25280.0,34200.0,13950.0,13750.0,2020.0
34,11850.0,28950.0,22625.0,22450.0,24450.0,121650.0,25000.0,34800.0,13950.0,13750.0,2020.0
35,11850.0,27590.0,23520.0,22180.0,23410.0,121650.0,24740.0,32840.0,13950.0,13530.0,2020.0
36,11810.0,27940.0,25030.0,21730.0,24690.0,121650.0,23840.0,33330.0,14000.0,13550.0,2020.0
37,11650.0,28470.0,25690.0,24930.0,25230.0,121650.0,23200.0,33310.0,14190.0,13570.0,2020.0
38,11650.0,29260.0,25420.0,24310.0,25620.0,121650.0,22380.0,31540.0,14200.0,13600.0,2020.0
39,11650.0,29230.0,25750.0,26770.0,26300.0,121650.0,21840.0,33020.0,14200.0,13600.0,2020.0
40,11650.0,30280.0,26120.0,33490.0,28080.0,121650.0,21530.0,31550.0,14200.0,13600.0,2020.0
41,11600.0,33780.0,25650.0,38660.0,26630.0,121650.0,20850.0,32730.0,14200.0,13600.0,2020.0
42,11600.0,33930.0,25750.0,39720.0,25580.0,121650.0,21730.0,32690.0,14170.0,13600.0,2020.0
43,11600.0,34510.0,25120.0,39690.0,26170.0,121650.0,23930.0,33740.0,14200.0,13400.0,2020.0
44,11600.0,34750.0,25500.0,43250.0,27175.0,121650.0,23600.0,35125.0,14200.0,13550.0,2020.0
45,11600.0,35860.0,25810.0,42390.0,31800.0,121650.0,23530.0,35330.0,14200.0,13700.0,2020.0
46,11600.0,36180.0,25960.0,40180.0,33400.0,121650.0,24240.0,36150.0,14530.0,13700.0,2020.0
47,11600.0,35900.0,26430.0,41140.0,34310.0,121650.0,25680.0,36490.0,14900.0,13700.0,2020.0
48,11600.0,34770.0,26600.0,41930.0,40700.0,121650.0,25890.0,35660.0,14850.0,13700.0,2020.0
49,11600.0,33180.0,26090.0,51350.0,50310.0,121650.0,25960.0,34950.0,14850.0,13700.0,2020.0
50,11600.0,33400.0,26475.0,58900.0,56037.5,121650.0,26850.0,35962.5,14850.0,13700.0,2020.0
51,11600.0,31520.0,26510.0,57980.0,55740.0,121650.0,28470.0,37420.0,14850.0,13700.0,2020.0
52,11600.0,29216.666666666668,25683.333333333332,67750.0,60750.0,121650.0,28500.0,37150.0,14850.0,13700.0,2020.0
53,11600.0,28550.0,26050.0,60633.333333333336,64650.0,121650.0,27333.333333333332,37233.333333333336,14850.0,13700.0,2020.2
54,11600.0,28800.0,26410.0,60340.0,93630.0,121650.0,24920.0,37150.0,14850.0,13700.0,2021.0
55,11600.0,27340.0,25380.0,52210.0,91840.0,121650.0,23970.0,36770.0,14900.0,13700.0,2021.0
56,11600.0,27100.0,25360.0,49590.0,81030.0,121650.0,23220.0,36540.0,14900.0,13700.0,2021.0
57,11600.0,27770.0,26020.0,44080.0,86780.0,126740.0,22300.0,37100.0,14900.0,13700.0,2021.0
58,11600.0,29390.0,27240.0,58600.0,82900.0,127900.0,21900.0,36150.0,14900.0,13700.0,2021.0
59,11600.0,32062.5,26812.5,62787.5,80950.0,127900.0,24100.0,37675.0,14900.0,13700.0,2021.0
60,11600.0,32690.0,28270.0,56370.0,97630.0,129260.0,25030.0,37770.0,14900.0,13700.0,2021.0
61,11600.0,33020.0,27810.0,59220.0,108090.0,129600.0,24780.0,37390.0,14900.0,13700.0,2021.0
62,11600.0,38010.0,28840.0,57040.0,113100.0,129600.0,24110.0,37050.0,14900.0,13700.0,2021.0
63,11600.0,37350.0,28400.0,54312.5,118712.5,129600.0,24200.0,37250.0,14900.0,13700.0,2021.0
64,11600.0,37370.0,27920.0,54560.0,133140.0,129600.0,23220.0,37140.0,15130.0,13700.0,2021.0
65,11510.0,35650.0,28840.0,54400.0,123330.0,129600.0,22320.0,37260.0,15400.0,13700.0,2021.0
66,11500.0,34812.5,28450.0,53137.5,102850.0,129600.0,21250.0,38375.0,15400.0,13700.0,2021.0
67,11500.0,31360.0,27830.0,52420.0,83400.0,130680.0,22810.0,41200.0,15400.0,13750.0,2021.0
68,11500.0,33580.0,27790.0,47170.0,77770.0,139660.0,25290.0,43260.0,15380.0,13730.0,2021.0
69,11500.0,32580.0,27980.0,47350.0,54260.0,135000.0,24750.0,39840.0,15350.0,13700.0,2021.0
70,11500.0,33100.0,28040.0,36040.0,56510.0,135990.0,23570.0,39010.0,15350.0,13900.0,2021.0
71,11500.0,32340.0,27780.0,37550.0,60580.0,135000.0,23100.0,38400.0,15590.0,13900.0,2021.0
72,11500.0,36325.0,28875.0,52875.0,65825.0,162500.0,23600.0,41000.0,15750.0,13900.0,2021.0
73,11500.0,34320.0,29240.0,33480.0,55110.0,139820.0,23570.0,40920.0,16130.0,13900.0,2021.0
74,11500.0,33325.0,30062.5,28312.5,44875.0,134175.0,23975.0,38137.5,16350.0,13775.0,2021.0
75,11500.0,32812.5,30137.5,27800.0,39600.0,133350.0,25225.0,38000.0,15900.0,13400.0,2021.0
76,11500.0,31650.0,29590.0,27820.0,40900.0,133350.0,25500.0,36990.0,15900.0,13400.0,2021.0
77,11500.0,32120.0,28800.0,24050.0,39430.0,133350.0,25210.0,36490.0,15900.0,13400.0,2021.0
78,11500.0,32100.0,27600.0,26920.0,47770.0,133350.0,23910.0,35610.0,15900.0,13300.0,2021.0
79,11500.0,33390.0,28090.0,29910.0,60230.0,133350.0,23710.0,34680.0,15900.0,13150.0,2021.0
80,11500.0,34070.0,28020.0,26860.0,65020.0,133350.0,22730.0,34600.0,15900.0,13150.0,2021.0
81,11500.0,34400.0,27900.0,27140.0,67920.0,133350.0,22320.0,33800.0,15900.0,13150.0,2021.0
82,11500.0,38625.0,29150.0,37037.5,73375.0,136675.0,24112.5,34287.5,15900.0,13150.0,2021.0
83,11500.0,38260.0,28390.0,30930.0,62220.0,133350.0,24740.0,33420.0,16300.0,13150.0,2021.0
84,11500.0,36580.0,28870.0,25470.0,45790.0,133350.0,25090.0,35160.0,16420.0,13190.0,2021.0
85,11500.0,34062.5,28787.5,26037.5,36062.5,133350.0,23787.5,35362.5,16500.0,13162.5,2021.0
86,11500.0,30800.0,28650.0,22687.5,28562.5,133350.0,23137.5,34650.0,16500.0,13050.0,2021.0
87,11500.0,28730.0,26980.0,21120.0,23750.0,133350.0,22020.0,34580.0,16500.0,13050.0,2021.0
88,11420.0,27420.0,26990.0,20960.0,24010.0,133350.0,21050.0,35900.0,16500.0,13050.0,2021.0
89,11690.0,29020.0,27720.0,22020.0,23560.0,133350.0,19830.0,36390.0,16740.0,12970.0,2021.0
90,11700.0,28130.0,27790.0,23300.0,24930.0,133350.0,19120.0,35500.0,16900.0,12950.0,2021.0
91,11700.0,26650.0,27640.0,24250.0,25940.0,133350.0,18690.0,35650.0,16900.0,12950.0,2021.0
92,11700.0,26270.0,27080.0,26870.0,25370.0,133350.0,18910.0,34690.0,16900.0,12950.0,2021.0
93,11700.0,27740.0,26970.0,32790.0,29130.0,133350.0,19250.0,35130.0,16900.0,12950.0,2021.0
94,11700.0,29450.0,27450.0,35410.0,29780.0,133350.0,18740.0,36480.0,17120.0,12950.0,2021.0
95,11700.0,29887.5,27612.5,36175.0,29437.5,133350.0,18675.0,36862.5,17250.0,12950.0,2021.0
96,11700.0,26530.0,27250.0,36050.0,26220.0,133350.0,18980.0,35930.0,17610.0,12950.0,2021.0
97,11700.0,25980.0,27340.0,45040.0,26450.0,133350.0,20620.0,34600.0,18320.0,12950.0,2021.0
98,11700.0,25710.0,27310.0,50190.0,26940.0,133350.0,23860.0,34920.0,18750.0,12950.0,2021.0
99,11700.0,24680.0,27270.0,48170.0,27740.0,133350.0,24610.0,34910.0,19100.0,12950.0,2021.0
100,11700.0,22150.0,26210.0,47270.0,30630.0,133350.0,23250.0,35190.0,19400.0,12950.0,2021.0
101,11700.0,23050.0,26070.0,47390.0,43470.0,133350.0,21680.0,35660.0,19840.0,12950.0,2021.0
102,11700.0,23800.0,25730.0,46550.0,63310.0,133350.0,21200.0,36430.0,19900.0,12950.0,2021.0
103,11700.0,27220.0,25800.0,47210.0,81460.0,133350.0,24590.0,36800.0,19900.0,12950.0,2021.0
104,11700.0,27100.0,26220.0,42560.0,95820.0,133350.0,27620.0,37150.0,19900.0,12950.0,2021.0
105,11970.0,27490.0,26710.0,43270.0,106000.0,133350.0,31560.0,38990.0,20200.0,12950.0,2021.0
106,12000.0,27330.0,26760.0,38720.0,87680.0,133350.0,27350.0,38850.0,20200.0,12950.0,2022.0
107,12000.0,26240.0,26760.0,27740.0,57210.0,133350.0,24910.0,39880.0,20300.0,12950.0,2022.0
108,12000.0,26660.0,27390.0,33710.0,49200.0,133350.0,22360.0,40670.0,20450.0,12950.0,2022.0
109,11950.0,28080.0,27580.0,33890.0,38840.0,133350.0,20850.0,39200.0,20450.0,13370.0,2022.0
110,11950.0,32025.0,29162.5,31725.0,35487.5,133350.0,20087.5,36612.5,20450.0,13500.0,2022.0
111,11950.0,38380.0,28620.0,36200.0,44030.0,133350.0,19910.0,36310.0,19930.0,13500.0,2022.0
112,11950.0,38720.0,28650.0,38770.0,47230.0,133350.0,20010.0,35860.0,18350.0,13500.0,2022.0
113,11910.0,38510.0,27990.0,44190.0,56010.0,133350.0,21870.0,35930.0,17500.0,13500.0,2022.0
114,11900.0,39000.0,28550.0,45933.333333333336,68200.0,139733.33333333334,22333.333333333332,37133.333333333336,17500.0,13500.0,2022.0
115,11900.0,37850.0,28530.0,51050.0,71440.0,140850.0,24710.0,37280.0,17220.0,13500.0,2022.0
116,11900.0,35860.0,30350.0,49140.0,62400.0,137170.0,24400.0,37000.0,19150.0,13580.0,2022.0
117,11900.0,32850.0,31580.0,47870.0,55220.0,139150.0,24750.0,37190.0,24500.0,13550.0,2022.0
118,11900.0,32220.0,31870.0,46980.0,53910.0,145250.0,25600.0,38490.0,24590.0,13810.0,2022.0
119,11900.0,34890.0,32270.0,49230.0,52270.0,144680.0,25460.0,40370.0,24750.0,13950.0,2022.0
120,11900.0,33825.0,30575.0,36312.5,43087.5,143350.0,24262.5,39150.0,24750.0,13950.0,2022.0
121,11900.0,35890.0,31120.0,32650.0,31800.0,144010.0,24060.0,39110.0,24750.0,14550.0,2022.0
122,11900.0,43262.5,31362.5,46087.5,40112.5,151237.5,25987.5,41725.0,24750.0,14550.0,2022.0
123,,,,,,,,,,,2022.0
124,11900.0,43600.0,29980.0,34780.0,35550.0,147160.0,27500.0,40560.0,24750.0,14550.0,2022.0
125,11800.0,46300.0,28700.0,40750.0,47437.5,142500.0,26975.0,37875.0,24750.0,14550.0,2022.0
126,11700.0,48187.5,29212.5,51337.5,56800.0,142500.0,28025.0,36287.5,24750.0,14550.0,2022.0
127,11700.0,47762.5,26925.0,62662.5,76975.0,142500.0,28650.0,38087.5,24650.0,14550.0,2022.0
128,11700.0,55200.0,26120.0,73700.0,96720.0,142500.0,30210.0,41000.0,24350.0,14550.0,2022.0
129,11700.0,57190.0,23730.0,86010.0,105850.0,142500.0,28780.0,39270.0,24170.0,14550.0,2022.0
130,11700.0,62980.0,23910.0,90850.0,103770.0,142500.0,27260.0,38090.0,23750.0,14550.0,2022.0
131,11700.0,65190.0,23780.0,91710.0,108820.0,142500.0,26990.0,38820.0,23650.0,14550.0,2022.0
132,11700.0,73460.0,24440.0,100940.0,110690.0,144000.0,27340.0,39140.0,23150.0,14550.0,2022.0
133,11700.0,70540.0,24750.0,113310.0,115090.0,142500.0,28470.0,40780.0,23100.0,14550.0,2022.0
134,11700.0,55090.0,25610.0,88830.0,86030.0,142500.0,28150.0,38520.0,23100.0,14550.0,2022.0
135,11690.0,42570.0,24780.0,79460.0,71510.0,142500.0,28060.0,38360.0,22170.0,14560.0,2022.0
136,11700.0,41280.0,24950.0,71530.0,69630.0,142500.0,27570.0,37680.0,21280.0,14550.0,2022.0
137,11780.0,38580.0,24920.0,69390.0,66040.0,142500.0,27570.0,36540.0,20650.0,14550.0,2022.0
138,12200.0,35912.5,25337.5,69037.5,54412.5,142500.0,29912.5,36975.0,20500.0,14550.0,2022.0
139,12200.0,34540.0,25870.0,64930.0,43200.0,142500.0,31300.0,38420.0,20500.0,14550.0,2022.0
140,12200.0,33080.0,26310.0,67930.0,52420.0,142500.0,30470.0,36700.0,20500.0,14550.0,2022.0
141,12250.0,36900.0,26430.0,81790.0,57070.0,142500.0,27860.0,37460.0,20500.0,14550.0,2022.0
142,12390.0,35560.0,26440.0,71970.0,62510.0,142500.0,27290.0,37300.0,20500.0,14570.0,2022.0
143,12450.0,33650.0,25630.0,65140.0,71360.0,142500.0,26090.0,36210.0,20500.0,14700.0,2022.0
144,12450.0,33370.0,25210.0,59500.0,64380.0,142500.0,24900.0,35670.0,20500.0,14700.0,2022.0
145,12450.0,34670.0,25470.0,59430.0,60650.0,142500.0,24020.0,36540.0,20100.0,14700.0,2022.0
146,12450.0,34970.0,24860.0,61350.0,58710.0,142500.0,25930.0,36460.0,20000.0,14700.0,2022.0
147,12450.0,34550.0,24720.0,45210.0,44600.0,142500.0,27120.0,35700.0,19490.0,14700.0,2022.0
148,12450.0,34420.0,24720.0,45580.0,43810.0,142500.0,26860.0,34390.0,19400.0,14700.0,2022.0
149,12450.0,34610.0,24430.0,41310.0,39340.0,142500.0,26850.0,35350.0,19400.0,14700.0,2022.0
150,12450.0,33370.0,23530.0,35050.0,36840.0,142500.0,26570.0,35110.0,19400.0,14700.0,2022.0
151,12450.0,34350.0,23730.0,34460.0,37320.0,142500.0,28170.0,35150.0,19400.0,14700.0,2022.0
152,12450.0,33040.0,23720.0,34460.0,41240.0,142500.0,29080.0,36040.0,19400.0,14700.0,2022.0
153,12500.0,34170.0,24010.0,36540.0,44540.0,142500.0,30980.0,35930.0,19400.0,14700.0,2022.0
154,12850.0,33530.0,24530.0,38140.0,51480.0,142500.0,31190.0,35980.0,19400.0,14700.0,2022.0
155,12850.0,34420.0,26090.0,39030.0,53440.0,142500.0,31700.0,37610.0,19400.0,14700.0,2022.0
156,12850.0,34920.0,26080.0,37620.0,47270.0,142500.0,29740.0,38520.0,19400.0,14700.0,2022.0
157,12850.0,34940.0,25140.0,38220.0,56750.0,142500.0,29240.0,39220.0,19400.0,14700.0,2022.0
158,12850.0,37410.0,26000.0,46010.0,79170.0,142500.0,28310.0,38020.0,19400.0,14700.0,2023.0
159,13060.0,38480.0,26380.0,48890.0,70900.0,142500.0,28040.0,36190.0,19400.0,14700.0,2023.0
160,13200.0,42140.0,28820.0,42030.0,57730.0,142500.0,27840.0,36010.0,19400.0,14780.0,2023.0
161,13200.0,44520.0,29220.0,44240.0,62550.0,142500.0,27910.0,35920.0,19400.0,14800.0,2023.0
162,13200.0,49220.0,29510.0,47140.0,60600.0,142500.0,27220.0,35790.0,19400.0,14800.0,2023.0
163,13270.0,47950.0,29390.0,47240.0,65620.0,142500.0,27290.0,36990.0,19400.0,14900.0,2023.0
164,13550.0,42240.0,29270.0,49850.0,70790.0,142500.0,27570.0,36580.0,19400.0,14900.0,2023.0
165,13550.0,38670.0,30120.0,50190.0,74210.0,142500.0,26990.0,36020.0,19400.0,14900.0,2023.0
166,13550.0,36940.0,31040.0,46620.0,67910.0,142500.0,26560.0,35900.0,19400.0,14900.0,2023.0
167,13550.0,37380.0,33500.0,40590.0,81880.0,142500.0,27360.0,36340.0,19400.0,14900.0,2023.0
168,13550.0,37400.0,34590.0,40410.0,82870.0,142500.0,28960.0,36950.0,19400.0,14900.0,2023.0
169,13550.0,38320.0,34920.0,42820.0,89040.0,144840.0,30050.0,37710.0,19400.0,14900.0,2023.0
170,13550.0,36360.0,34300.0,40090.0,72010.0,144150.0,29850.0,36310.0,19400.0,14900.0,2023.0
171,13550.0,36210.0,33520.0,37520.0,55350.0,144150.0,28640.0,36710.0,19400.0,14900.0,2023.0
172,13550.0,36450.0,33470.0,34200.0,40330.0,142830.0,27520.0,36390.0,19400.0,14900.0,2023.0
173,13550.0,42800.0,34570.0,47870.0,42950.0,149510.0,28300.0,38670.0,19400.0,14900.0,2023.0
174,13550.0,45000.0,36340.0,38620.0,37520.0,147340.0,28140.0,40680.0,19400.0,14900.0,2023.0
175,13550.0,47750.0,36112.5,29987.5,30375.0,142500.0,27800.0,38362.5,19400.0,14900.0,2023.0
176,13550.0,46820.0,37610.0,34390.0,37600.0,141650.0,30030.0,37410.0,19400.0,14900.0,2023.0
177,13550.0,46090.0,38690.0,32870.0,39730.0,141650.0,32520.0,38440.0,19400.0,14900.0,2023.0
178,13550.0,45830.0,39100.0,31100.0,46080.0,141650.0,32500.0,40290.0,19400.0,14900.0,2023.0
179,13550.0,45370.0,38980.0,30930.0,46850.0,141650.0,31760.0,40330.0,19400.0,14900.0,2023.0
180,13550.0,45370.0,38790.0,31390.0,46960.0,141650.0,31660.0,41660.0,19400.0,14900.0,2023.0
181,13550.0,44030.0,38960.0,30350.0,41250.0,141650.0,30880.0,41680.0,19400.0,14900.0,2023.0
182,13550.0,43750.0,39490.0,30800.0,38580.0,141650.0,30350.0,42740.0,19400.0,14900.0,2023.0
183,13550.0,43380.0,39540.0,40780.0,41580.0,141650.0,31500.0,45960.0,19400.0,14900.0,2023.0
184,13670.0,41280.0,43550.0,36940.0,34420.0,141650.0,31500.0,44970.0,19400.0,14900.0,2023.0
185,13700.0,32440.0,43680.0,34200.0,31830.0,141650.0,32190.0,43040.0,19400.0,14900.0,2023.0
186,13700.0,30530.0,41820.0,34800.0,35130.0,141650.0,31680.0,41430.0,19400.0,14900.0,2023.0
187,13700.0,30470.0,41550.0,34220.0,38190.0,141650.0,31860.0,40480.0,19460.0,14960.0,2023.0
188,13700.0,30520.0,41300.0,37840.0,42190.0,141650.0,31650.0,38480.0,19500.0,15050.0,2023.0
189,13740.0,30510.0,41270.0,38030.0,46590.0,141650.0,31410.0,39730.0,19500.0,15050.0,2023.0
190,13900.0,30170.0,40640.0,39730.0,51400.0,141650.0,30350.0,41550.0,19500.0,15050.0,2023.0
191,13930.0,27040.0,39990.0,46640.0,46770.0,141650.0,28640.0,40400.0,19110.0,14990.0,2023.0
192,14050.0,25980.0,38770.0,48380.0,40480.0,141650.0,27260.0,39180.0,18550.0,14950.0,2023.0
193,14110.0,25930.0,38320.0,36600.0,36070.0,141650.0,27230.0,39380.0,18350.0,14950.0,2023.0
194,14350.0,24960.0,37750.0,35150.0,34770.0,141650.0,27160.0,38040.0,18350.0,15500.0,2023.0
195,14350.0,24490.0,37600.0,37010.0,36330.0,141650.0,26800.0,37250.0,18350.0,15580.0,2023.0
196,14350.0,24070.0,37630.0,42390.0,38790.0,141650.0,25910.0,38350.0,18350.0,15900.0,2023.0
197,14470.0,24150.0,37650.0,43690.0,45340.0,141650.0,25810.0,38870.0,18350.0,15920.0,2023.0
198,14650.0,23110.0,37180.0,42170.0,49450.0,141650.0,25970.0,39560.0,18350.0,16000.0,2023.0
199,14650.0,22390.0,36940.0,44680.0,59270.0,141650.0,26060.0,37600.0,18350.0,16000.0,2023.0
200,14650.0,22330.0,36910.0,49800.0,75110.0,141650.0,25850.0,37660.0,18350.0,16380.0,2023.0
201,14650.0,26070.0,36570.0,70080.0,87290.0,141650.0,25900.0,37520.0,18350.0,16350.0,2023.0
202,14650.0,30780.0,36470.0,78300.0,88640.0,141650.0,28200.0,37980.0,18350.0,16760.0,2023.0
203,14650.0,33890.0,35520.0,78930.0,89170.0,141650.0,28150.0,38300.0,18350.0,17200.0,2023.0
204,14650.0,34680.0,35750.0,91630.0,102660.0,141650.0,27550.0,37360.0,18350.0,17500.0,2023.0
205,14650.0,34150.0,35750.0,86060.0,99290.0,141650.0,27970.0,36150.0,18350.0,17500.0,2023.0
206,14650.0,35090.0,35920.0,98290.0,101960.0,141650.0,28110.0,38190.0,18350.0,17500.0,2023.0
207,14650.0,33770.0,36760.0,86520.0,100750.0,141650.0,27350.0,37570.0,18350.0,17500.0,2023.0
208,14650.0,39080.0,38890.0,63400.0,91680.0,137650.0,27350.0,37100.0,18350.0,17500.0,2023.0
209,14650.0,44100.0,39833.333333333336,62083.333333333336,88850.0,136650.0,26783.333333333332,37666.666666666664,18350.0,17500.0,2023.0
210,14650.0,43520.0,40140.0,75260.0,87550.0,136650.0,26340.0,37380.0,18350.0,17500.0,2024.0
211,14650.0,35320.0,41130.0,70830.0,59200.0,136650.0,25750.0,36030.0,18350.0,17500.0,2024.0
212,14650.0,31690.0,40810.0,68500.0,58710.0,136650.0,26190.0,37390.0,18350.0,17500.0,2024.0
213,15000.0,31320.0,40150.0,73840.0,47250.0,136650.0,27320.0,36350.0,18350.0,17500.0,2024.0
214,15350.0,30200.0,40150.0,63970.0,48350.0,136650.0,27000.0,37330.0,18350.0,17500.0,2024.0
215,15850.0,31640.0,39090.0,72050.0,47850.0,136650.0,27770.0,38640.0,18350.0,17500.0,2024.0
216,16120.0,34320.0,38800.0,80450.0,66540.0,136650.0,28260.0,39850.0,18350.0,17500.0,2024.0
217,16650.0,34400.0,39260.0,91090.0,83730.0,136650.0,30000.0,37740.0,18350.0,17500.0,2024.0
218,16850.0,35260.0,39650.0,78210.0,77140.0,136650.0,31330.0,39280.0,18350.0,17600.0,2024.0
219,16650.0,34870.0,39650.0,73150.0,73170.0,136650.0,32000.0,41810.0,18350.0,18000.0,2024.0
220,16350.0,35180.0,41360.0,78540.0,72930.0,140160.0,32210.0,41500.0,18440.0,18000.0,2024.0
221,16350.0,35310.0,42310.0,51420.0,51620.0,138500.0,32350.0,40720.0,18500.0,18000.0,2024.0
222,15980.0,37250.0,42100.0,37700.0,41900.0,137500.0,30630.0,40000.0,18500.0,18000.0,2024.0
223,15850.0,48170.0,42300.0,40050.0,42020.0,138840.0,28070.0,40320.0,18500.0,18000.0,2024.0
224,15850.0,51500.0,42250.0,42350.0,43400.0,140850.0,28000.0,42250.0,18500.0,18000.0,2024.0
225,15570.0,64110.0,44230.0,38090.0,38890.0,141160.0,27780.0,41550.0,18500.0,18100.0,2024.0
226,15100.0,68400.0,45480.0,44920.0,45620.0,138830.0,27470.0,39400.0,18500.0,18500.0,2024.0
227,14860.0,60750.0,45790.0,59620.0,41810.0,138350.0,29500.0,37830.0,18500.0,18650.0,2024.0
228,14650.0,52520.0,45850.0,51430.0,33080.0,138350.0,30070.0,40060.0,18500.0,18900.0,2024.0
229,14650.0,53590.0,45170.0,45960.0,35640.0,138180.0,30350.0,40910.0,18500.0,18900.0,2024.0
230,14650.0,51580.0,45850.0,44120.0,38370.0,137500.0,29480.0,39060.0,18500.0,18720.0,2024.0
231,14850.0,48190.0,45850.0,54730.0,38390.0,137500.0,28680.0,38660.0,18500.0,18700.0,2024.0
232,14850.0,43350.0,44970.0,51360.0,40160.0,137500.0,27950.0,37510.0,18620.0,18600.0,2024.0
233,14850.0,42330.0,42810.0,58400.0,42370.0,137500.0,28050.0,39820.0,18650.0,18210.0,2024.0
234,14850.0,41440.0,42710.0,59140.0,41830.0,137500.0,28690.0,40490.0,18650.0,18170.0,2024.0
235,14850.0,36160.0,42250.0,38060.0,41540.0,137500.0,28000.0,38770.0,18650.0,18050.0,2024.0
236,14950.0,33160.0,41810.0,42200.0,49430.0,137500.0,28000.0,39220.0,18650.0,17300.0,2024.0
237,15350.0,30950.0,41150.0,45100.0,52670.0,137500.0,28560.0,39000.0,18650.0,17160.0,2024.0
238,15350.0,28850.0,41090.0,41630.0,73710.0,137500.0,28150.0,38300.0,18650.0,16950.0,2024.0
239,15350.0,27500.0,40850.0,45600.0,85170.0,137500.0,28000.0,36720.0,18650.0,16950.0,2024.0
240,15350.0,26840.0,40850.0,43560.0,85440.0,137500.0,27490.0,36820.0,18650.0,16950.0,2024.0
241,15270.0,26000.0,40850.0,46080.0,78250.0,137500.0,27660.0,37980.0,18650.0,16970.0,2024.0
242,15000.0,25420.0,40930.0,42160.0,66910.0,137900.0,26790.0,37170.0,18650.0,17350.0,2024.0
243,15000.0,24340.0,41250.0,40470.0,59530.0,137900.0,26190.0,36650.0,18650.0,17350.0,2024.0
244,14600.0,25340.0,41280.0,37030.0,52500.0,137900.0,26100.0,36240.0,18650.0,17350.0,2024.0
245,14500.0,25650.0,41350.0,33460.0,49230.0,137900.0,25530.0,36150.0,18850.0,17350.0,2024.0
246,14500.0,27110.0,41190.0,31750.0,44880.0,137900.0,26590.0,36770.0,19110.0,17470.0,2024.0
247,14500.0,27100.0,41150.0,30650.0,47870.0,137900.0,26140.0,38300.0,19200.0,17500.0,2024.0
248,14500.0,26860.0,41150.0,28020.0,50610.0,137900.0,26260.0,37030.0,19200.0,17500.0,2024.0
249,14500.0,28890.0,41150.0,26300.0,51900.0,137900.0,26650.0,36560.0,19270.0,17500.0,2024.0
250,14500.0,29450.0,41150.0,25690.0,55300.0,137900.0,26130.0,37460.0,19550.0,17490.0,2024.0
251,14500.0,29650.0,41150.0,27540.0,53650.0,137900.0,26210.0,38030.0,19550.0,17310.0,2024.0
252,14500.0,30670.0,41150.0,30240.0,49890.0,137900.0,26650.0,38310.0,19430.0,17100.0,2024.0
253,14500.0,34990.0,41720.0,30100.0,45550.0,137700.0,26340.0,37330.0,19540.0,17030.0,2024.0
254,14500.0,39160.0,41650.0,29320.0,43200.0,137900.0,26350.0,38180.0,19750.0,17500.0,2024.0
255,14500.0,41180.0,42350.0,28230.0,46080.0,135740.0,26350.0,38870.0,19850.0,17500.0,2024.0
256,14560.0,42960.0,42350.0,26870.0,42000.0,132500.0,26350.0,38100.0,20000.0,17500.0,2024.0
257,14650.0,43000.0,42350.0,26610.0,38270.0,132500.0,26350.0,37550.0,20000.0,17500.0,2024.0
258,14650.0,42560.0,42640.0,29960.0,37530.0,132500.0,26650.0,37990.0,20000.0,17500.0,2024.0
259,14650.0,43200.0,43000.0,40150.0,43340.0,132500.0,29670.0,37410.0,18840.0,17560.0,2024.0
260,14650.0,42970.0,43000.0,47230.0,54320.0,132500.0,31740.0,38130.0,17900.0,17650.0,2024.0
261,14650.0,42850.0,43000.0,62160.0,69400.0,132500.0,32000.0,38600.0,17900.0,17650.0,2024.0
262,14650.0,42850.0,43000.0,68750.0,81800.0,132500.0,31575.0,39325.0,17900.0,17650.0,2024.0
